case_id,transaction_id,date,month,account_id,account_name,bank_name,department,transaction_type,direction,amount,voucher_id,description,created_by,data_source,type_amount_90th_percentile,large_amount_flag,high_risk_type_flag,duplicate_group_count,duplicate_pattern_flag,year_end_flag,department_transaction_count,department_risk_flag,risk_score,risk_level,recommended_action,risk_flag_summary,case_owner,case_status,days_open,overdue_flag,second_review_required,investigation_priority,investigation_note,follow_up_action,investigation_priority_score
CASE00001,T000711,2025-12-20,12,A013,Year-end Settlement Account,Bank G,Infrastructure Department,year_end_settlement,inflow,699204,V000711,Simulated year end settlement for Infrastructure Department,simulated_system,bank_statement,600508.3,1,1,1,0,1,64,0,6,High,Immediate review required,large_amount; high_risk_type; year_end,Controls Reviewer,investigating,14,1,1,Critical,large amount transaction; high-risk transaction type; year-end transaction; overdue review item,Escalate to senior reviewer immediately,4
CASE00002,T000065,2025-02-11,2,A004,Off-budget Fund Account,Bank B,Finance Bureau Internal Unit,year_end_settlement,inflow,693927,V000065,Simulated year end settlement for Finance Bureau Internal Unit,simulated_system,bank_statement,600508.3,1,1,1,0,0,77,1,6,High,Immediate review required,large_amount; high_risk_type; high_activity_department,Finance Operations Reviewer,open,12,1,1,Critical,large amount transaction; high-risk transaction type; high-activity department; overdue review item,Escalate to senior reviewer immediately,4
CASE00003,T000775,2025-12-21,12,A012,Audit Adjustment Account,Bank F,Education Department,inter_fund_transfer,inflow,565588,V000775,Simulated inter fund transfer for Education Department,simulated_system,bank_statement,509918.00000000006,1,1,1,0,1,56,0,6,High,Immediate review required,large_amount; high_risk_type; year_end,Risk Analyst A,investigating,9,1,1,Critical,large amount transaction; high-risk transaction type; year-end transaction; overdue review item,Escalate to senior reviewer immediately,4
CASE00004,T000729,2025-12-13,12,A010,Temporary Holding Account,Bank E,Social Security Department,inter_fund_transfer,inflow,562613,V000729,Simulated inter fund transfer for Social Security Department,simulated_system,bank_statement,509918.00000000006,1,1,1,0,1,66,0,6,High,Immediate review required,large_amount; high_risk_type; year_end,Controls Reviewer,investigating,18,1,1,Critical,large amount transaction; high-risk transaction type; year-end transaction; overdue review item,Escalate to senior reviewer immediately,4
CASE00005,T000755,2025-12-18,12,A011,Inter-fund Transfer Account,Bank F,Environmental Protection Department,off_budget_fund_transfer,inflow,499234,V000755,Simulated off budget fund transfer for Environmental Protection Department,simulated_system,bank_statement,446537.6000000001,1,1,1,0,1,70,0,6,High,Immediate review required,large_amount; high_risk_type; year_end,Risk Analyst A,open,29,1,1,Critical,large amount transaction; high-risk transaction type; year-end transaction; overdue review item,Escalate to senior reviewer immediately,4
CASE00006,T000225,2025-04-04,4,A011,Inter-fund Transfer Account,Bank F,Culture and Tourism Department,off_budget_fund_transfer,outflow,451614,V000225,Simulated off budget fund transfer for Culture and Tourism Department,simulated_system,bank_statement,446537.6000000001,1,1,1,0,0,81,1,6,High,Immediate review required,large_amount; high_risk_type; high_activity_department,Controls Reviewer,investigating,12,1,1,Critical,large amount transaction; high-risk transaction type; high-activity department; overdue review item,Escalate to senior reviewer immediately,4
CASE00007,T000392,2025-07-21,7,A010,Temporary Holding Account,Bank E,Culture and Tourism Department,temporary_holding,inflow,234440,V000392,Simulated temporary holding for Culture and Tourism Department,simulated_system,bank_statement,219627.5,1,1,1,0,0,81,1,6,High,Immediate review required,large_amount; high_risk_type; high_activity_department,Risk Analyst A,investigating,12,1,1,Critical,large amount transaction; high-risk transaction type; high-activity department; overdue review item,Escalate to senior reviewer immediately,4
CASE00008,T000236,2025-05-26,5,A010,Temporary Holding Account,Bank E,Culture and Tourism Department,audit_adjustment,outflow,109944,V000236,Simulated audit adjustment for Culture and Tourism Department,simulated_system,bank_statement,100457.6,1,1,1,0,0,81,1,6,High,Immediate review required,large_amount; high_risk_type; high_activity_department,Finance Operations Reviewer,open,20,1,1,Critical,large amount transaction; high-risk transaction type; high-activity department; overdue review item,Escalate to senior reviewer immediately,4
CASE00009,T000583,2025-09-18,9,A013,Year-end Settlement Account,Bank G,Transport Department,audit_adjustment,outflow,103911,V000583,Simulated audit adjustment for Transport Department,simulated_system,bank_statement,100457.6,1,1,1,0,0,74,1,6,High,Immediate review required,large_amount; high_risk_type; high_activity_department,Risk Analyst A,investigating,29,1,1,Critical,large amount transaction; high-risk transaction type; high-activity department; overdue review item,Escalate to senior reviewer immediately,4
CASE00010,T000563,2025-09-26,9,A002,Budget Execution Payment Account,Bank A,Finance Bureau Internal Unit,audit_adjustment,inflow,103802,V000563,Simulated audit adjustment for Finance Bureau Internal Unit,simulated_system,bank_statement,100457.6,1,1,1,0,0,77,1,6,High,Immediate review required,large_amount; high_risk_type; high_activity_department,Finance Operations Reviewer,escalated,17,1,1,Critical,large amount transaction; high-risk transaction type; high-activity department; overdue review item,Escalate to senior reviewer immediately,4
CASE00011,T000373,2025-06-20,6,A003,Non-tax Revenue Collection Account,Bank B,Culture and Tourism Department,off_budget_fund_transfer,inflow,459850,V000373,Simulated off budget fund transfer for Culture and Tourism Department,simulated_system,bank_statement,446537.6000000001,1,1,1,0,0,81,1,6,High,Immediate review required,large_amount; high_risk_type; high_activity_department,Controls Reviewer,closed,7,0,1,High,large amount transaction; high-risk transaction type; high-activity department,Send for second-level review,3
CASE00012,T000129,2025-03-25,3,A007,Education Fund Account,Bank D,Health Department,year_end_settlement,inflow,681233,V000129,Simulated year end settlement for Health Department,simulated_system,bank_statement,600508.3,1,1,1,0,0,63,0,5,Medium,Review transaction amount and supporting documents,large_amount; high_risk_type,Risk Analyst B,investigating,18,1,1,High,large amount transaction; high-risk transaction type; overdue review item,Send for second-level review,3
CASE00013,T000105,2025-03-10,3,A008,Health Project Fund Account,Bank D,Emergency Management Department,year_end_settlement,outflow,601926,V000105,Simulated year end settlement for Emergency Management Department,simulated_system,bank_statement,600508.3,1,1,1,0,0,70,0,5,Medium,Review transaction amount and supporting documents,large_amount; high_risk_type,Risk Analyst B,open,19,1,1,High,large amount transaction; high-risk transaction type; overdue review item,Send for second-level review,3
CASE00014,T000209,2025-04-13,4,A002,Budget Execution Payment Account,Bank A,Community Services Department,inter_fund_transfer,outflow,566342,V000209,Simulated inter fund transfer for Community Services Department,simulated_system,bank_statement,509918.00000000006,1,1,1,0,0,57,0,5,Medium,Review transaction amount and supporting documents,large_amount; high_risk_type,Finance Operations Reviewer,investigating,19,1,1,High,large amount transaction; high-risk transaction type; overdue review item,Send for second-level review,3
CASE00015,T000009,2025-01-07,1,A002,Budget Execution Payment Account,Bank A,Community Services Department,off_budget_fund_transfer,inflow,479036,V000009,Simulated off budget fund transfer for Community Services Department,simulated_system,bank_statement,446537.6000000001,1,1,1,0,0,57,0,5,Medium,Review transaction amount and supporting documents,large_amount; high_risk_type,Risk Analyst A,open,16,1,1,High,large amount transaction; high-risk transaction type; overdue review item,Send for second-level review,3
CASE00016,T000744,2025-12-07,12,A005,Special Fund Account,Bank C,Finance Bureau Internal Unit,budget_execution_payment,outflow,331207,V000744,Simulated budget execution payment for Finance Bureau Internal Unit,simulated_system,bank_statement,316246.60000000003,1,0,1,0,1,77,1,5,Medium,Review transaction amount and supporting documents,large_amount; year_end; high_activity_department,Risk Analyst A,open,18,1,1,High,large amount transaction; year-end transaction; high-activity department; overdue review item,Send for second-level review,3
CASE00017,T000479,2025-08-09,8,A010,Temporary Holding Account,Bank E,Environmental Protection Department,temporary_holding,inflow,246770,V000479,Simulated temporary holding for Environmental Protection Department,simulated_system,bank_statement,219627.5,1,1,1,0,0,70,0,5,Medium,Review transaction amount and supporting documents,large_amount; high_risk_type,Finance Operations Reviewer,open,18,1,1,High,large amount transaction; high-risk transaction type; overdue review item,Send for second-level review,3
CASE00018,T000162,2025-03-17,3,A012,Audit Adjustment Account,Bank F,Transport Department,project_fund_payment,outflow,754590,V000162,Simulated project fund payment for Transport Department,simulated_system,bank_statement,748920.0,1,0,1,0,0,74,1,4,Medium,Review transaction amount and supporting documents,large_amount; high_activity_department,Senior Review Officer,open,16,1,1,High,large amount transaction; high-activity department; overdue review item,Send for second-level review,3
CASE00019,T000728,2025-12-10,12,A012,Audit Adjustment Account,Bank F,Finance Bureau Internal Unit,inter_fund_transfer,inflow,487726,V000728,Simulated inter fund transfer for Finance Bureau Internal Unit,simulated_system,bank_statement,509918.00000000006,0,1,1,0,1,77,1,4,Medium,Second-level review recommended,high_risk_type; year_end; high_activity_department,Risk Analyst A,open,18,1,1,High,high-risk transaction type; year-end transaction; high-activity department; overdue review item,Send for second-level review,3
CASE00020,T000593,2025-10-23,10,A007,Education Fund Account,Bank D,Culture and Tourism Department,budget_execution_payment,outflow,348345,V000593,Simulated budget execution payment for Culture and Tourism Department,simulated_system,bank_statement,316246.60000000003,1,0,1,0,0,81,1,4,Medium,Review transaction amount and supporting documents,large_amount; high_activity_department,Controls Reviewer,open,15,1,1,High,large amount transaction; high-activity department; overdue review item,Send for second-level review,3
CASE00021,T000368,2025-06-27,6,A003,Non-tax Revenue Collection Account,Bank B,Finance Bureau Internal Unit,budget_execution_payment,outflow,341898,V000368,Simulated budget execution payment for Finance Bureau Internal Unit,simulated_system,bank_statement,316246.60000000003,1,0,1,0,0,77,1,4,Medium,Review transaction amount and supporting documents,large_amount; high_activity_department,Senior Review Officer,investigating,18,1,1,High,large amount transaction; high-activity department; overdue review item,Send for second-level review,3
CASE00022,T000713,2025-12-01,12,A010,Temporary Holding Account,Bank E,Culture and Tourism Department,off_budget_fund_transfer,outflow,224405,V000713,Simulated off budget fund transfer for Culture and Tourism Department,simulated_system,bank_statement,446537.6000000001,0,1,1,0,1,81,1,4,Medium,Second-level review recommended,high_risk_type; year_end; high_activity_department,Risk Analyst B,open,20,1,1,High,high-risk transaction type; year-end transaction; high-activity department; overdue review item,Send for second-level review,3
CASE00023,T000785,2025-12-12,12,A010,Temporary Holding Account,Bank E,Transport Department,inter_fund_transfer,outflow,197696,V000785,Simulated inter fund transfer for Transport Department,simulated_system,bank_statement,509918.00000000006,0,1,1,0,1,74,1,4,Medium,Second-level review recommended,high_risk_type; year_end; high_activity_department,Controls Reviewer,open,15,1,1,High,high-risk transaction type; year-end transaction; high-activity department; overdue review item,Send for second-level review,3
CASE00024,T000446,2025-08-20,8,A005,Special Fund Account,Bank C,Culture and Tourism Department,non_tax_revenue_collection,inflow,174871,V000446,Simulated non tax revenue collection for Culture and Tourism Department,simulated_system,bank_statement,163417.0,1,0,1,0,0,81,1,4,Medium,Review transaction amount and supporting documents,large_amount; high_activity_department,Finance Operations Reviewer,investigating,18,1,1,High,large amount transaction; high-activity department; overdue review item,Send for second-level review,3
CASE00025,T000740,2025-12-15,12,A003,Non-tax Revenue Collection Account,Bank B,Transport Department,off_budget_fund_transfer,outflow,86697,V000740,Simulated off budget fund transfer for Transport Department,simulated_system,bank_statement,446537.6000000001,0,1,1,0,1,74,1,4,Medium,Second-level review recommended,high_risk_type; year_end; high_activity_department,Finance Operations Reviewer,investigating,16,1,1,High,high-risk transaction type; year-end transaction; high-activity department; overdue review item,Send for second-level review,3
CASE00026,T000554,2025-09-18,9,A005,Special Fund Account,Bank C,Culture and Tourism Department,refund,inflow,79028,V000554,Simulated refund for Culture and Tourism Department,simulated_system,bank_statement,70230.0,1,0,1,0,0,81,1,4,Medium,Review transaction amount and supporting documents,large_amount; high_activity_department,Controls Reviewer,open,16,1,1,High,large amount transaction; high-activity department; overdue review item,Send for second-level review,3
CASE00027,T000707,2025-12-09,12,A006,Social Security Transfer Account,Bank C,Culture and Tourism Department,audit_adjustment,inflow,32017,V000707,Simulated audit adjustment for Culture and Tourism Department,simulated_system,bank_statement,100457.6,0,1,1,0,1,81,1,4,Medium,Second-level review recommended,high_risk_type; year_end; high_activity_department,Controls Reviewer,investigating,16,1,1,High,high-risk transaction type; year-end transaction; high-activity department; overdue review item,Send for second-level review,3
CASE00028,T000588,2025-09-07,9,A013,Year-end Settlement Account,Bank G,Finance Bureau Internal Unit,inter_fund_transfer,outflow,501153,V000588,Simulated inter fund transfer for Finance Bureau Internal Unit,simulated_system,bank_statement,509918.00000000006,0,1,1,0,0,77,1,3,Medium,Second-level review recommended,high_risk_type; high_activity_department,Risk Analyst A,open,20,1,1,High,high-risk transaction type; high-activity department; overdue review item,Send for second-level review,3
CASE00029,T000447,2025-08-02,8,A013,Year-end Settlement Account,Bank G,Transport Department,year_end_settlement,outflow,474874,V000447,Simulated year end settlement for Transport Department,simulated_system,bank_statement,600508.3,0,1,1,0,0,74,1,3,Medium,Second-level review recommended,high_risk_type; high_activity_department,Senior Review Officer,investigating,18,1,1,High,high-risk transaction type; high-activity department; overdue review item,Send for second-level review,3
CASE00030,T000794,2025-12-23,12,A006,Social Security Transfer Account,Bank C,Agriculture Department,year_end_settlement,inflow,385431,V000794,Simulated year end settlement for Agriculture Department,simulated_system,bank_statement,600508.3,0,1,1,0,1,70,0,3,Medium,Second-level review recommended,high_risk_type; year_end,Finance Operations Reviewer,open,19,1,1,High,high-risk transaction type; year-end transaction; overdue review item,Send for second-level review,3
CASE00031,T000527,2025-09-11,9,A001,Treasury Main Account,Bank A,Transport Department,inter_fund_transfer,inflow,367761,V000527,Simulated inter fund transfer for Transport Department,simulated_system,bank_statement,509918.00000000006,0,1,1,0,0,74,1,3,Medium,Second-level review recommended,high_risk_type; high_activity_department,Controls Reviewer,open,16,1,1,High,high-risk transaction type; high-activity department; overdue review item,Send for second-level review,3
CASE00032,T000117,2025-03-08,3,A001,Treasury Main Account,Bank A,Community Services Department,budget_execution_payment,outflow,344912,V000117,Simulated budget execution payment for Community Services Department,simulated_system,bank_statement,316246.60000000003,1,0,1,0,0,57,0,3,Medium,Review transaction amount and supporting documents,large_amount,Risk Analyst A,open,16,1,1,High,large amount transaction; overdue review item,Send for second-level review,3
CASE00033,T000044,2025-01-08,1,A008,Health Project Fund Account,Bank D,Emergency Management Department,budget_execution_payment,outflow,343673,V000044,Simulated budget execution payment for Emergency Management Department,simulated_system,bank_statement,316246.60000000003,1,0,1,0,0,70,0,3,Medium,Review transaction amount and supporting documents,large_amount,Risk Analyst A,investigating,19,1,1,High,large amount transaction; overdue review item,Send for second-level review,3
CASE00034,T000399,2025-07-12,7,A003,Non-tax Revenue Collection Account,Bank B,Health Department,budget_execution_payment,outflow,324958,V000399,Simulated budget execution payment for Health Department,simulated_system,bank_statement,316246.60000000003,1,0,1,0,0,63,0,3,Medium,Review transaction amount and supporting documents,large_amount,Risk Analyst A,open,19,1,1,High,large amount transaction; overdue review item,Send for second-level review,3
CASE00035,T000183,2025-04-03,4,A003,Non-tax Revenue Collection Account,Bank B,Culture and Tourism Department,off_budget_fund_transfer,outflow,320372,V000183,Simulated off budget fund transfer for Culture and Tourism Department,simulated_system,bank_statement,446537.6000000001,0,1,1,0,0,81,1,3,Medium,Second-level review recommended,high_risk_type; high_activity_department,Finance Operations Reviewer,open,16,1,1,High,high-risk transaction type; high-activity department; overdue review item,Send for second-level review,3
CASE00036,T000355,2025-06-23,6,A004,Off-budget Fund Account,Bank B,Finance Bureau Internal Unit,inter_fund_transfer,inflow,317843,V000355,Simulated inter fund transfer for Finance Bureau Internal Unit,simulated_system,bank_statement,509918.00000000006,0,1,1,0,0,77,1,3,Medium,Second-level review recommended,high_risk_type; high_activity_department,Risk Analyst B,open,20,1,1,High,high-risk transaction type; high-activity department; overdue review item,Send for second-level review,3
CASE00037,T000007,2025-01-30,1,A003,Non-tax Revenue Collection Account,Bank B,Environmental Protection Department,budget_execution_payment,outflow,317366,V000007,Simulated budget execution payment for Environmental Protection Department,simulated_system,bank_statement,316246.60000000003,1,0,1,0,0,70,0,3,Medium,Review transaction amount and supporting documents,large_amount,Controls Reviewer,investigating,18,1,1,High,large amount transaction; overdue review item,Send for second-level review,3
CASE00038,T000213,2025-04-30,4,A011,Inter-fund Transfer Account,Bank F,Transport Department,off_budget_fund_transfer,inflow,279768,V000213,Simulated off budget fund transfer for Transport Department,simulated_system,bank_statement,446537.6000000001,0,1,1,0,0,74,1,3,Medium,Second-level review recommended,high_risk_type; high_activity_department,Risk Analyst A,investigating,17,1,1,High,high-risk transaction type; high-activity department; overdue review item,Send for second-level review,3
CASE00039,T000585,2025-09-06,9,A010,Temporary Holding Account,Bank E,Environmental Protection Department,non_tax_revenue_collection,inflow,179382,V000585,Simulated non tax revenue collection for Environmental Protection Department,simulated_system,bank_statement,163417.0,1,0,1,0,0,70,0,3,Medium,Review transaction amount and supporting documents,large_amount,Risk Analyst A,investigating,20,1,1,High,large amount transaction; overdue review item,Send for second-level review,3
CASE00040,T000569,2025-09-29,9,A010,Temporary Holding Account,Bank E,Finance Bureau Internal Unit,off_budget_fund_transfer,outflow,159999,V000569,Simulated off budget fund transfer for Finance Bureau Internal Unit,simulated_system,bank_statement,446537.6000000001,0,1,1,0,0,77,1,3,Medium,Second-level review recommended,high_risk_type; high_activity_department,Controls Reviewer,open,19,1,1,High,high-risk transaction type; high-activity department; overdue review item,Send for second-level review,3
CASE00041,T000561,2025-09-08,9,A002,Budget Execution Payment Account,Bank A,Culture and Tourism Department,temporary_holding,inflow,145453,V000561,Simulated temporary holding for Culture and Tourism Department,simulated_system,bank_statement,219627.5,0,1,1,0,0,81,1,3,Medium,Second-level review recommended,high_risk_type; high_activity_department,Finance Operations Reviewer,open,15,1,1,High,high-risk transaction type; high-activity department; overdue review item,Send for second-level review,3
CASE00042,T000003,2025-01-26,1,A010,Temporary Holding Account,Bank E,Finance Bureau Internal Unit,audit_adjustment,outflow,74969,V000003,Simulated audit adjustment for Finance Bureau Internal Unit,simulated_system,bank_statement,100457.6,0,1,1,0,0,77,1,3,Medium,Second-level review recommended,high_risk_type; high_activity_department,Risk Analyst B,open,17,1,1,High,high-risk transaction type; high-activity department; overdue review item,Send for second-level review,3
CASE00043,T000719,2025-12-29,12,A004,Off-budget Fund Account,Bank B,Infrastructure Department,temporary_holding,inflow,63444,V000719,Simulated temporary holding for Infrastructure Department,simulated_system,bank_statement,219627.5,0,1,1,0,1,64,0,3,Medium,Second-level review recommended,high_risk_type; year_end,Controls Reviewer,open,17,1,1,High,high-risk transaction type; year-end transaction; overdue review item,Send for second-level review,3
CASE00044,T000493,2025-08-20,8,A010,Temporary Holding Account,Bank E,Transport Department,temporary_holding,inflow,51025,V000493,Simulated temporary holding for Transport Department,simulated_system,bank_statement,219627.5,0,1,1,0,0,74,1,3,Medium,Second-level review recommended,high_risk_type; high_activity_department,Risk Analyst A,investigating,19,1,1,High,high-risk transaction type; high-activity department; overdue review item,Send for second-level review,3
CASE00045,T000652,2025-11-16,11,A004,Off-budget Fund Account,Bank B,Culture and Tourism Department,temporary_holding,inflow,25167,V000652,Simulated temporary holding for Culture and Tourism Department,simulated_system,bank_statement,219627.5,0,1,1,0,0,81,1,3,Medium,Second-level review recommended,high_risk_type; high_activity_department,Controls Reviewer,open,15,1,1,High,high-risk transaction type; high-activity department; overdue review item,Send for second-level review,3
CASE00046,T000076,2025-02-26,2,A002,Budget Execution Payment Account,Bank A,Transport Department,temporary_holding,inflow,14757,V000076,Simulated temporary holding for Transport Department,simulated_system,bank_statement,219627.5,0,1,1,0,0,74,1,3,Medium,Second-level review recommended,high_risk_type; high_activity_department,Risk Analyst A,investigating,18,1,1,High,high-risk transaction type; high-activity department; overdue review item,Send for second-level review,3
CASE00047,T000803,2025-12-30,12,A010,Temporary Holding Account,Bank E,Transport Department,project_fund_payment,outflow,791142,V000803,Simulated project fund payment for Transport Department,simulated_system,bank_statement,748920.0,1,0,1,0,1,74,1,5,Medium,Review transaction amount and supporting documents,large_amount; year_end; high_activity_department,Finance Operations Reviewer,open,5,0,0,Medium,large amount transaction; year-end transaction; high-activity department,Request supporting documents for large payment,2
CASE00048,T000005,2025-01-24,1,A005,Special Fund Account,Bank C,Emergency Management Department,inter_fund_transfer,outflow,553556,V000005,Simulated inter fund transfer for Emergency Management Department,simulated_system,bank_statement,509918.00000000006,1,1,1,0,0,70,0,5,Medium,Review transaction amount and supporting documents,large_amount; high_risk_type,Finance Operations Reviewer,investigating,12,0,0,Medium,large amount transaction; high-risk transaction type,Request supporting documents for large payment,2
CASE00049,T000577,2025-09-30,9,A009,Infrastructure Payment Account,Bank E,Health Department,inter_fund_transfer,outflow,522394,V000577,Simulated inter fund transfer for Health Department,simulated_system,bank_statement,509918.00000000006,1,1,1,0,0,63,0,5,Medium,Review transaction amount and supporting documents,large_amount; high_risk_type,Risk Analyst B,open,6,0,0,Medium,large amount transaction; high-risk transaction type,Request supporting documents for large payment,2
CASE00050,T000540,2025-09-25,9,A013,Year-end Settlement Account,Bank G,Health Department,off_budget_fund_transfer,inflow,498977,V000540,Simulated off budget fund transfer for Health Department,simulated_system,bank_statement,446537.6000000001,1,1,1,0,0,63,0,5,Medium,Review transaction amount and supporting documents,large_amount; high_risk_type,Controls Reviewer,closed,2,0,0,Medium,large amount transaction; high-risk transaction type,Request supporting documents for large payment,2
CASE00051,T000275,2025-05-24,5,A007,Education Fund Account,Bank D,Emergency Management Department,off_budget_fund_transfer,inflow,494507,V000275,Simulated off budget fund transfer for Emergency Management Department,simulated_system,bank_statement,446537.6000000001,1,1,1,0,0,70,0,5,Medium,Review transaction amount and supporting documents,large_amount; high_risk_type,Risk Analyst B,investigating,11,0,0,Medium,large amount transaction; high-risk transaction type,Request supporting documents for large payment,2
CASE00052,T000300,2025-06-26,6,A003,Non-tax Revenue Collection Account,Bank B,Social Security Department,off_budget_fund_transfer,inflow,482063,V000300,Simulated off budget fund transfer for Social Security Department,simulated_system,bank_statement,446537.6000000001,1,1,1,0,0,66,0,5,Medium,Review transaction amount and supporting documents,large_amount; high_risk_type,Risk Analyst A,investigating,3,0,0,Medium,large amount transaction; high-risk transaction type,Request supporting documents for large payment,2
CASE00053,T000451,2025-08-11,8,A009,Infrastructure Payment Account,Bank E,Agriculture Department,off_budget_fund_transfer,outflow,481448,V000451,Simulated off budget fund transfer for Agriculture Department,simulated_system,bank_statement,446537.6000000001,1,1,1,0,0,70,0,5,Medium,Review transaction amount and supporting documents,large_amount; high_risk_type,Risk Analyst A,closed,2,0,0,Medium,large amount transaction; high-risk transaction type,Request supporting documents for large payment,2
CASE00054,T000663,2025-11-02,11,A012,Audit Adjustment Account,Bank F,Emergency Management Department,off_budget_fund_transfer,inflow,470698,V000663,Simulated off budget fund transfer for Emergency Management Department,simulated_system,bank_statement,446537.6000000001,1,1,1,0,0,70,0,5,Medium,Review transaction amount and supporting documents,large_amount; high_risk_type,Controls Reviewer,open,9,0,0,Medium,large amount transaction; high-risk transaction type,Request supporting documents for large payment,2
CASE00055,T000661,2025-11-16,11,A010,Temporary Holding Account,Bank E,Infrastructure Department,off_budget_fund_transfer,outflow,457562,V000661,Simulated off budget fund transfer for Infrastructure Department,simulated_system,bank_statement,446537.6000000001,1,1,1,0,0,64,0,5,Medium,Review transaction amount and supporting documents,large_amount; high_risk_type,Controls Reviewer,investigating,5,0,0,Medium,large amount transaction; high-risk transaction type,Request supporting documents for large payment,2
CASE00056,T000481,2025-08-15,8,A012,Audit Adjustment Account,Bank F,Health Department,temporary_holding,inflow,243754,V000481,Simulated temporary holding for Health Department,simulated_system,bank_statement,219627.5,1,1,1,0,0,63,0,5,Medium,Review transaction amount and supporting documents,large_amount; high_risk_type,Risk Analyst A,investigating,5,0,0,Medium,large amount transaction; high-risk transaction type,Request supporting documents for large payment,2
CASE00057,T000141,2025-03-27,3,A004,Off-budget Fund Account,Bank B,Urban Management Department,temporary_holding,inflow,242601,V000141,Simulated temporary holding for Urban Management Department,simulated_system,bank_statement,219627.5,1,1,1,0,0,64,0,5,Medium,Review transaction amount and supporting documents,large_amount; high_risk_type,Controls Reviewer,closed,3,0,0,Medium,large amount transaction; high-risk transaction type,Request supporting documents for large payment,2
CASE00058,T000270,2025-05-05,5,A001,Treasury Main Account,Bank A,Environmental Protection Department,temporary_holding,inflow,227400,V000270,Simulated temporary holding for Environmental Protection Department,simulated_system,bank_statement,219627.5,1,1,1,0,0,70,0,5,Medium,Review transaction amount and supporting documents,large_amount; high_risk_type,Senior Review Officer,closed,3,0,0,Medium,large amount transaction; high-risk transaction type,Request supporting documents for large payment,2
CASE00059,T000691,2025-11-13,11,A004,Off-budget Fund Account,Bank B,Environmental Protection Department,temporary_holding,inflow,226351,V000691,Simulated temporary holding for Environmental Protection Department,simulated_system,bank_statement,219627.5,1,1,1,0,0,70,0,5,Medium,Review transaction amount and supporting documents,large_amount; high_risk_type,Risk Analyst A,closed,2,0,0,Medium,large amount transaction; high-risk transaction type,Request supporting documents for large payment,2
CASE00060,T000188,2025-04-26,4,A003,Non-tax Revenue Collection Account,Bank B,Education Department,audit_adjustment,outflow,119555,V000188,Simulated audit adjustment for Education Department,simulated_system,bank_statement,100457.6,1,1,1,0,0,56,0,5,Medium,Review transaction amount and supporting documents,large_amount; high_risk_type,Senior Review Officer,investigating,14,0,0,Medium,large amount transaction; high-risk transaction type,Request supporting documents for large payment,2
CASE00061,T000572,2025-09-11,9,A011,Inter-fund Transfer Account,Bank F,Culture and Tourism Department,project_fund_payment,outflow,797365,V000572,Simulated project fund payment for Culture and Tourism Department,simulated_system,bank_statement,748920.0,1,0,1,0,0,81,1,4,Medium,Review transaction amount and supporting documents,large_amount; high_activity_department,Risk Analyst A,investigating,5,0,0,Medium,large amount transaction; high-activity department,Request supporting documents for large payment,2
CASE00062,T000749,2025-12-23,12,A013,Year-end Settlement Account,Bank G,Infrastructure Department,project_fund_payment,outflow,784459,V000749,Simulated project fund payment for Infrastructure Department,simulated_system,bank_statement,748920.0,1,0,1,0,1,64,0,4,Medium,Review transaction amount and supporting documents,large_amount; year_end,Controls Reviewer,investigating,8,0,0,Medium,large amount transaction; year-end transaction,Request supporting documents for large payment,2
CASE00063,T000372,2025-06-19,6,A013,Year-end Settlement Account,Bank G,Culture and Tourism Department,project_fund_payment,outflow,765879,V000372,Simulated project fund payment for Culture and Tourism Department,simulated_system,bank_statement,748920.0,1,0,1,0,0,81,1,4,Medium,Review transaction amount and supporting documents,large_amount; high_activity_department,Risk Analyst B,closed,6,0,0,Medium,large amount transaction; high-activity department,Request supporting documents for large payment,2
CASE00064,T000763,2025-12-29,12,A012,Audit Adjustment Account,Bank F,Agriculture Department,project_fund_payment,outflow,765054,V000763,Simulated project fund payment for Agriculture Department,simulated_system,bank_statement,748920.0,1,0,1,0,1,70,0,4,Medium,Review transaction amount and supporting documents,large_amount; year_end,Senior Review Officer,open,5,0,0,Medium,large amount transaction; year-end transaction,Request supporting documents for large payment,2
CASE00065,T000018,2025-01-16,1,A005,Special Fund Account,Bank C,Finance Bureau Internal Unit,project_fund_payment,outflow,753714,V000018,Simulated project fund payment for Finance Bureau Internal Unit,simulated_system,bank_statement,748920.0,1,0,1,0,0,77,1,4,Medium,Review transaction amount and supporting documents,large_amount; high_activity_department,Senior Review Officer,closed,6,0,0,Medium,large amount transaction; high-activity department,Request supporting documents for large payment,2
CASE00066,T000781,2025-12-07,12,A001,Treasury Main Account,Bank A,Culture and Tourism Department,off_budget_fund_transfer,outflow,379762,V000781,Simulated off budget fund transfer for Culture and Tourism Department,simulated_system,bank_statement,446537.6000000001,0,1,1,0,1,81,1,4,Medium,Second-level review recommended,high_risk_type; year_end; high_activity_department,Controls Reviewer,investigating,3,0,0,Medium,high-risk transaction type; year-end transaction; high-activity department,Review approval workflow and transaction purpose,2
CASE00067,T000706,2025-12-05,12,A013,Year-end Settlement Account,Bank G,Agriculture Department,budget_execution_payment,outflow,329122,V000706,Simulated budget execution payment for Agriculture Department,simulated_system,bank_statement,316246.60000000003,1,0,1,0,1,70,0,4,Medium,Review transaction amount and supporting documents,large_amount; year_end,Controls Reviewer,open,5,0,0,Medium,large amount transaction; year-end transaction,Request supporting documents for large payment,2
CASE00068,T000021,2025-01-03,1,A008,Health Project Fund Account,Bank D,Transport Department,budget_execution_payment,outflow,325669,V000021,Simulated budget execution payment for Transport Department,simulated_system,bank_statement,316246.60000000003,1,0,1,0,0,74,1,4,Medium,Review transaction amount and supporting documents,large_amount; high_activity_department,Risk Analyst A,investigating,6,0,0,Medium,large amount transaction; high-activity department,Request supporting documents for large payment,2
CASE00069,T000736,2025-12-26,12,A004,Off-budget Fund Account,Bank B,Environmental Protection Department,budget_execution_payment,outflow,322865,V000736,Simulated budget execution payment for Environmental Protection Department,simulated_system,bank_statement,316246.60000000003,1,0,1,0,1,70,0,4,Medium,Review transaction amount and supporting documents,large_amount; year_end,Finance Operations Reviewer,investigating,6,0,0,Medium,large amount transaction; year-end transaction,Request supporting documents for large payment,2
CASE00070,T000802,2025-12-12,12,A003,Non-tax Revenue Collection Account,Bank B,Education Department,budget_execution_payment,outflow,316508,V000802,Simulated budget execution payment for Education Department,simulated_system,bank_statement,316246.60000000003,1,0,1,0,1,56,0,4,Medium,Review transaction amount and supporting documents,large_amount; year_end,Finance Operations Reviewer,investigating,7,0,0,Medium,large amount transaction; year-end transaction,Request supporting documents for large payment,2
CASE00071,T000771,2025-12-09,12,A007,Education Fund Account,Bank D,Transport Department,off_budget_fund_transfer,inflow,273966,V000771,Simulated off budget fund transfer for Transport Department,simulated_system,bank_statement,446537.6000000001,0,1,1,0,1,74,1,4,Medium,Second-level review recommended,high_risk_type; year_end; high_activity_department,Controls Reviewer,investigating,14,0,0,Medium,high-risk transaction type; year-end transaction; high-activity department,Review approval workflow and transaction purpose,2
CASE00072,T000767,2025-12-12,12,A003,Non-tax Revenue Collection Account,Bank B,Culture and Tourism Department,off_budget_fund_transfer,outflow,257506,V000767,Simulated off budget fund transfer for Culture and Tourism Department,simulated_system,bank_statement,446537.6000000001,0,1,1,0,1,81,1,4,Medium,Second-level review recommended,high_risk_type; year_end; high_activity_department,Risk Analyst B,open,14,0,0,Medium,high-risk transaction type; year-end transaction; high-activity department,Review approval workflow and transaction purpose,2
CASE00073,T000797,2025-12-28,12,A007,Education Fund Account,Bank D,Finance Bureau Internal Unit,year_end_settlement,inflow,234222,V000797,Simulated year end settlement for Finance Bureau Internal Unit,simulated_system,bank_statement,600508.3,0,1,1,0,1,77,1,4,Medium,Second-level review recommended,high_risk_type; year_end; high_activity_department,Risk Analyst B,open,9,0,0,Medium,high-risk transaction type; year-end transaction; high-activity department,Review approval workflow and transaction purpose,2
CASE00074,T000778,2025-12-05,12,A004,Off-budget Fund Account,Bank B,Social Security Department,non_tax_revenue_collection,inflow,176231,V000778,Simulated non tax revenue collection for Social Security Department,simulated_system,bank_statement,163417.0,1,0,1,0,1,66,0,4,Medium,Review transaction amount and supporting documents,large_amount; year_end,Risk Analyst B,investigating,9,0,0,Medium,large amount transaction; year-end transaction,Request supporting documents for large payment,2
CASE00075,T000762,2025-12-15,12,A005,Special Fund Account,Bank C,Infrastructure Department,non_tax_revenue_collection,inflow,173090,V000762,Simulated non tax revenue collection for Infrastructure Department,simulated_system,bank_statement,163417.0,1,0,1,0,1,64,0,4,Medium,Review transaction amount and supporting documents,large_amount; year_end,Senior Review Officer,investigating,13,0,0,Medium,large amount transaction; year-end transaction,Request supporting documents for large payment,2
CASE00076,T000769,2025-12-08,12,A003,Non-tax Revenue Collection Account,Bank B,Culture and Tourism Department,temporary_holding,inflow,168442,V000769,Simulated temporary holding for Culture and Tourism Department,simulated_system,bank_statement,219627.5,0,1,1,0,1,81,1,4,Medium,Second-level review recommended,high_risk_type; year_end; high_activity_department,Controls Reviewer,closed,7,0,0,Medium,high-risk transaction type; year-end transaction; high-activity department,Review approval workflow and transaction purpose,2
CASE00077,T000403,2025-07-11,7,A003,Non-tax Revenue Collection Account,Bank B,Culture and Tourism Department,non_tax_revenue_collection,inflow,167730,V000403,Simulated non tax revenue collection for Culture and Tourism Department,simulated_system,bank_statement,163417.0,1,0,1,0,0,81,1,4,Medium,Review transaction amount and supporting documents,large_amount; high_activity_department,Finance Operations Reviewer,investigating,5,0,0,Medium,large amount transaction; high-activity department,Request supporting documents for large payment,2
CASE00078,T000382,2025-07-09,7,A005,Special Fund Account,Bank C,Culture and Tourism Department,non_tax_revenue_collection,inflow,166205,V000382,Simulated non tax revenue collection for Culture and Tourism Department,simulated_system,bank_statement,163417.0,1,0,1,0,0,81,1,4,Medium,Review transaction amount and supporting documents,large_amount; high_activity_department,Risk Analyst B,closed,2,0,0,Medium,large amount transaction; high-activity department,Request supporting documents for large payment,2
CASE00079,T000779,2025-12-12,12,A007,Education Fund Account,Bank D,Transport Department,temporary_holding,inflow,159177,V000779,Simulated temporary holding for Transport Department,simulated_system,bank_statement,219627.5,0,1,1,0,1,74,1,4,Medium,Second-level review recommended,high_risk_type; year_end; high_activity_department,Risk Analyst B,open,10,0,0,Medium,high-risk transaction type; year-end transaction; high-activity department,Review approval workflow and transaction purpose,2
CASE00080,T000715,2025-12-22,12,A011,Inter-fund Transfer Account,Bank F,Finance Bureau Internal Unit,off_budget_fund_transfer,inflow,93753,V000715,Simulated off budget fund transfer for Finance Bureau Internal Unit,simulated_system,bank_statement,446537.6000000001,0,1,1,0,1,77,1,4,Medium,Second-level review recommended,high_risk_type; year_end; high_activity_department,Risk Analyst B,closed,6,0,0,Medium,high-risk transaction type; year-end transaction; high-activity department,Review approval workflow and transaction purpose,2
CASE00081,T000581,2025-09-19,9,A008,Health Project Fund Account,Bank D,Culture and Tourism Department,refund,inflow,70371,V000581,Simulated refund for Culture and Tourism Department,simulated_system,bank_statement,70230.0,1,0,1,0,0,81,1,4,Medium,Review transaction amount and supporting documents,large_amount; high_activity_department,Risk Analyst B,open,3,0,0,Medium,large amount transaction; high-activity department,Request supporting documents for large payment,2
CASE00082,T000509,2025-09-05,9,A004,Off-budget Fund Account,Bank B,Emergency Management Department,project_fund_payment,outflow,796716,V000509,Simulated project fund payment for Emergency Management Department,simulated_system,bank_statement,748920.0,1,0,1,0,0,70,0,3,Medium,Review transaction amount and supporting documents,large_amount,Risk Analyst A,investigating,7,0,0,Medium,large amount transaction,Request supporting documents for large payment,2
CASE00083,T000365,2025-06-26,6,A012,Audit Adjustment Account,Bank F,Health Department,project_fund_payment,outflow,757910,V000365,Simulated project fund payment for Health Department,simulated_system,bank_statement,748920.0,1,0,1,0,0,63,0,3,Medium,Review transaction amount and supporting documents,large_amount,Risk Analyst B,closed,2,0,0,Medium,large amount transaction,Request supporting documents for large payment,2
CASE00084,T000277,2025-05-27,5,A008,Health Project Fund Account,Bank D,Social Security Department,project_fund_payment,outflow,751160,V000277,Simulated project fund payment for Social Security Department,simulated_system,bank_statement,748920.0,1,0,1,0,0,66,0,3,Medium,Review transaction amount and supporting documents,large_amount,Risk Analyst A,open,2,0,0,Medium,large amount transaction,Request supporting documents for large payment,2
CASE00085,T000478,2025-08-25,8,A012,Audit Adjustment Account,Bank F,Transport Department,year_end_settlement,outflow,587749,V000478,Simulated year end settlement for Transport Department,simulated_system,bank_statement,600508.3,0,1,1,0,0,74,1,3,Medium,Second-level review recommended,high_risk_type; high_activity_department,Risk Analyst B,investigating,7,0,0,Medium,high-risk transaction type; high-activity department,Review approval workflow and transaction purpose,2
CASE00086,T000768,2025-12-17,12,A011,Inter-fund Transfer Account,Bank F,Community Services Department,year_end_settlement,inflow,560338,V000768,Simulated year end settlement for Community Services Department,simulated_system,bank_statement,600508.3,0,1,1,0,1,57,0,3,Medium,Second-level review recommended,high_risk_type; year_end,Risk Analyst A,investigating,14,0,0,Medium,high-risk transaction type; year-end transaction,Review approval workflow and transaction purpose,2
CASE00087,T000407,2025-07-17,7,A013,Year-end Settlement Account,Bank G,Transport Department,inter_fund_transfer,inflow,464844,V000407,Simulated inter fund transfer for Transport Department,simulated_system,bank_statement,509918.00000000006,0,1,1,0,0,74,1,3,Medium,Second-level review recommended,high_risk_type; high_activity_department,Risk Analyst B,closed,4,0,0,Medium,high-risk transaction type; high-activity department,Review approval workflow and transaction purpose,2
CASE00088,T000010,2025-01-25,1,A001,Treasury Main Account,Bank A,Culture and Tourism Department,off_budget_fund_transfer,outflow,438923,V000010,Simulated off budget fund transfer for Culture and Tourism Department,simulated_system,bank_statement,446537.6000000001,0,1,1,0,0,81,1,3,Medium,Second-level review recommended,high_risk_type; high_activity_department,Risk Analyst B,closed,1,0,0,Medium,high-risk transaction type; high-activity department,Review approval workflow and transaction purpose,2
CASE00089,T000226,2025-04-14,4,A002,Budget Execution Payment Account,Bank A,Culture and Tourism Department,inter_fund_transfer,inflow,438734,V000226,Simulated inter fund transfer for Culture and Tourism Department,simulated_system,bank_statement,509918.00000000006,0,1,1,0,0,81,1,3,Medium,Second-level review recommended,high_risk_type; high_activity_department,Senior Review Officer,closed,3,0,0,Medium,high-risk transaction type; high-activity department,Review approval workflow and transaction purpose,2
CASE00090,T000525,2025-09-30,9,A001,Treasury Main Account,Bank A,Culture and Tourism Department,year_end_settlement,inflow,438548,V000525,Simulated year end settlement for Culture and Tourism Department,simulated_system,bank_statement,600508.3,0,1,1,0,0,81,1,3,Medium,Second-level review recommended,high_risk_type; high_activity_department,Senior Review Officer,investigating,5,0,0,Medium,high-risk transaction type; high-activity department,Review approval workflow and transaction purpose,2
CASE00091,T000405,2025-07-21,7,A012,Audit Adjustment Account,Bank F,Transport Department,off_budget_fund_transfer,inflow,435237,V000405,Simulated off budget fund transfer for Transport Department,simulated_system,bank_statement,446537.6000000001,0,1,1,0,0,74,1,3,Medium,Second-level review recommended,high_risk_type; high_activity_department,Risk Analyst B,closed,1,0,0,Medium,high-risk transaction type; high-activity department,Review approval workflow and transaction purpose,2
CASE00092,T000394,2025-07-08,7,A001,Treasury Main Account,Bank A,Culture and Tourism Department,off_budget_fund_transfer,outflow,432311,V000394,Simulated off budget fund transfer for Culture and Tourism Department,simulated_system,bank_statement,446537.6000000001,0,1,1,0,0,81,1,3,Medium,Second-level review recommended,high_risk_type; high_activity_department,Risk Analyst A,investigating,14,0,0,Medium,high-risk transaction type; high-activity department,Review approval workflow and transaction purpose,2
CASE00093,T000023,2025-01-22,1,A001,Treasury Main Account,Bank A,Culture and Tourism Department,inter_fund_transfer,outflow,413002,V000023,Simulated inter fund transfer for Culture and Tourism Department,simulated_system,bank_statement,509918.00000000006,0,1,1,0,0,81,1,3,Medium,Second-level review recommended,high_risk_type; high_activity_department,Controls Reviewer,investigating,14,0,0,Medium,high-risk transaction type; high-activity department,Review approval workflow and transaction purpose,2
CASE00094,T000237,2025-05-04,5,A013,Year-end Settlement Account,Bank G,Finance Bureau Internal Unit,year_end_settlement,outflow,412736,V000237,Simulated year end settlement for Finance Bureau Internal Unit,simulated_system,bank_statement,600508.3,0,1,1,0,0,77,1,3,Medium,Second-level review recommended,high_risk_type; high_activity_department,Controls Reviewer,investigating,4,0,0,Medium,high-risk transaction type; high-activity department,Review approval workflow and transaction purpose,2
CASE00095,T000214,2025-04-03,4,A004,Off-budget Fund Account,Bank B,Culture and Tourism Department,inter_fund_transfer,outflow,403395,V000214,Simulated inter fund transfer for Culture and Tourism Department,simulated_system,bank_statement,509918.00000000006,0,1,1,0,0,81,1,3,Medium,Second-level review recommended,high_risk_type; high_activity_department,Risk Analyst B,open,8,0,0,Medium,high-risk transaction type; high-activity department,Review approval workflow and transaction purpose,2
CASE00096,T000710,2025-12-15,12,A005,Special Fund Account,Bank C,Community Services Department,inter_fund_transfer,inflow,391087,V000710,Simulated inter fund transfer for Community Services Department,simulated_system,bank_statement,509918.00000000006,0,1,1,0,1,57,0,3,Medium,Second-level review recommended,high_risk_type; year_end,Risk Analyst A,investigating,9,0,0,Medium,high-risk transaction type; year-end transaction,Review approval workflow and transaction purpose,2
CASE00097,T000314,2025-06-08,6,A009,Infrastructure Payment Account,Bank E,Transport Department,inter_fund_transfer,outflow,390250,V000314,Simulated inter fund transfer for Transport Department,simulated_system,bank_statement,509918.00000000006,0,1,1,0,0,74,1,3,Medium,Second-level review recommended,high_risk_type; high_activity_department,Senior Review Officer,closed,4,0,0,Medium,high-risk transaction type; high-activity department,Review approval workflow and transaction purpose,2
CASE00098,T000470,2025-08-06,8,A006,Social Security Transfer Account,Bank C,Culture and Tourism Department,inter_fund_transfer,inflow,353245,V000470,Simulated inter fund transfer for Culture and Tourism Department,simulated_system,bank_statement,509918.00000000006,0,1,1,0,0,81,1,3,Medium,Second-level review recommended,high_risk_type; high_activity_department,Risk Analyst B,closed,3,0,0,Medium,high-risk transaction type; high-activity department,Review approval workflow and transaction purpose,2
CASE00099,T000658,2025-11-15,11,A007,Education Fund Account,Bank D,Education Department,budget_execution_payment,outflow,348873,V000658,Simulated budget execution payment for Education Department,simulated_system,bank_statement,316246.60000000003,1,0,1,0,0,56,0,3,Medium,Review transaction amount and supporting documents,large_amount,Risk Analyst A,open,6,0,0,Medium,large amount transaction,Request supporting documents for large payment,2
CASE00100,T000374,2025-06-13,6,A006,Social Security Transfer Account,Bank C,Community Services Department,budget_execution_payment,outflow,348615,V000374,Simulated budget execution payment for Community Services Department,simulated_system,bank_statement,316246.60000000003,1,0,1,0,0,57,0,3,Medium,Review transaction amount and supporting documents,large_amount,Risk Analyst B,open,13,0,0,Medium,large amount transaction,Request supporting documents for large payment,2
CASE00101,T000099,2025-03-13,3,A009,Infrastructure Payment Account,Bank E,Emergency Management Department,budget_execution_payment,outflow,346898,V000099,Simulated budget execution payment for Emergency Management Department,simulated_system,bank_statement,316246.60000000003,1,0,1,0,0,70,0,3,Medium,Review transaction amount and supporting documents,large_amount,Controls Reviewer,open,11,0,0,Medium,large amount transaction,Request supporting documents for large payment,2
CASE00102,T000664,2025-11-22,11,A002,Budget Execution Payment Account,Bank A,Environmental Protection Department,budget_execution_payment,outflow,341516,V000664,Simulated budget execution payment for Environmental Protection Department,simulated_system,bank_statement,316246.60000000003,1,0,1,0,0,70,0,3,Medium,Review transaction amount and supporting documents,large_amount,Risk Analyst B,open,3,0,0,Medium,large amount transaction,Request supporting documents for large payment,2
CASE00103,T000528,2025-09-27,9,A007,Education Fund Account,Bank D,Environmental Protection Department,budget_execution_payment,outflow,338166,V000528,Simulated budget execution payment for Environmental Protection Department,simulated_system,bank_statement,316246.60000000003,1,0,1,0,0,70,0,3,Medium,Review transaction amount and supporting documents,large_amount,Controls Reviewer,open,3,0,0,Medium,large amount transaction,Request supporting documents for large payment,2
CASE00104,T000350,2025-06-07,6,A009,Infrastructure Payment Account,Bank E,Environmental Protection Department,budget_execution_payment,outflow,335143,V000350,Simulated budget execution payment for Environmental Protection Department,simulated_system,bank_statement,316246.60000000003,1,0,1,0,0,70,0,3,Medium,Review transaction amount and supporting documents,large_amount,Risk Analyst B,investigating,4,0,0,Medium,large amount transaction,Request supporting documents for large payment,2
CASE00105,T000429,2025-07-26,7,A013,Year-end Settlement Account,Bank G,Finance Bureau Internal Unit,inter_fund_transfer,inflow,334260,V000429,Simulated inter fund transfer for Finance Bureau Internal Unit,simulated_system,bank_statement,509918.00000000006,0,1,1,0,0,77,1,3,Medium,Second-level review recommended,high_risk_type; high_activity_department,Risk Analyst B,open,3,0,0,Medium,high-risk transaction type; high-activity department,Review approval workflow and transaction purpose,2
CASE00106,T000345,2025-06-29,6,A007,Education Fund Account,Bank D,Agriculture Department,budget_execution_payment,outflow,331367,V000345,Simulated budget execution payment for Agriculture Department,simulated_system,bank_statement,316246.60000000003,1,0,1,0,0,70,0,3,Medium,Review transaction amount and supporting documents,large_amount,Risk Analyst B,closed,5,0,0,Medium,large amount transaction,Request supporting documents for large payment,2
CASE00107,T000348,2025-06-29,6,A010,Temporary Holding Account,Bank E,Education Department,budget_execution_payment,outflow,329143,V000348,Simulated budget execution payment for Education Department,simulated_system,bank_statement,316246.60000000003,1,0,1,0,0,56,0,3,Medium,Review transaction amount and supporting documents,large_amount,Senior Review Officer,closed,4,0,0,Medium,large amount transaction,Request supporting documents for large payment,2
CASE00108,T000100,2025-03-03,3,A006,Social Security Transfer Account,Bank C,Social Security Department,budget_execution_payment,outflow,328744,V000100,Simulated budget execution payment for Social Security Department,simulated_system,bank_statement,316246.60000000003,1,0,1,0,0,66,0,3,Medium,Review transaction amount and supporting documents,large_amount,Finance Operations Reviewer,closed,3,0,0,Medium,large amount transaction,Request supporting documents for large payment,2
CASE00109,T000185,2025-04-17,4,A003,Non-tax Revenue Collection Account,Bank B,Education Department,budget_execution_payment,outflow,326773,V000185,Simulated budget execution payment for Education Department,simulated_system,bank_statement,316246.60000000003,1,0,1,0,0,56,0,3,Medium,Review transaction amount and supporting documents,large_amount,Risk Analyst B,open,8,0,0,Medium,large amount transaction,Request supporting documents for large payment,2
CASE00110,T000101,2025-03-15,3,A005,Special Fund Account,Bank C,Finance Bureau Internal Unit,off_budget_fund_transfer,outflow,325804,V000101,Simulated off budget fund transfer for Finance Bureau Internal Unit,simulated_system,bank_statement,446537.6000000001,0,1,1,0,0,77,1,3,Medium,Second-level review recommended,high_risk_type; high_activity_department,Finance Operations Reviewer,investigating,11,0,0,Medium,high-risk transaction type; high-activity department,Review approval workflow and transaction purpose,2
CASE00111,T000457,2025-08-10,8,A010,Temporary Holding Account,Bank E,Emergency Management Department,budget_execution_payment,outflow,322259,V000457,Simulated budget execution payment for Emergency Management Department,simulated_system,bank_statement,316246.60000000003,1,0,1,0,0,70,0,3,Medium,Review transaction amount and supporting documents,large_amount,Risk Analyst B,investigating,5,0,0,Medium,large amount transaction,Request supporting documents for large payment,2
CASE00112,T000615,2025-10-22,10,A009,Infrastructure Payment Account,Bank E,Emergency Management Department,budget_execution_payment,outflow,321411,V000615,Simulated budget execution payment for Emergency Management Department,simulated_system,bank_statement,316246.60000000003,1,0,1,0,0,70,0,3,Medium,Review transaction amount and supporting documents,large_amount,Risk Analyst A,closed,5,0,0,Medium,large amount transaction,Request supporting documents for large payment,2
CASE00113,T000675,2025-11-07,11,A006,Social Security Transfer Account,Bank C,Education Department,budget_execution_payment,outflow,321364,V000675,Simulated budget execution payment for Education Department,simulated_system,bank_statement,316246.60000000003,1,0,1,0,0,56,0,3,Medium,Review transaction amount and supporting documents,large_amount,Finance Operations Reviewer,investigating,9,0,0,Medium,large amount transaction,Request supporting documents for large payment,2
CASE00114,T000539,2025-09-09,9,A013,Year-end Settlement Account,Bank G,Community Services Department,budget_execution_payment,outflow,318983,V000539,Simulated budget execution payment for Community Services Department,simulated_system,bank_statement,316246.60000000003,1,0,1,0,0,57,0,3,Medium,Review transaction amount and supporting documents,large_amount,Finance Operations Reviewer,closed,3,0,0,Medium,large amount transaction,Request supporting documents for large payment,2
CASE00115,T000616,2025-10-30,10,A001,Treasury Main Account,Bank A,Health Department,budget_execution_payment,outflow,318113,V000616,Simulated budget execution payment for Health Department,simulated_system,bank_statement,316246.60000000003,1,0,1,0,0,63,0,3,Medium,Review transaction amount and supporting documents,large_amount,Finance Operations Reviewer,closed,4,0,0,Medium,large amount transaction,Request supporting documents for large payment,2
CASE00116,T000598,2025-10-11,10,A007,Education Fund Account,Bank D,Transport Department,year_end_settlement,inflow,312533,V000598,Simulated year end settlement for Transport Department,simulated_system,bank_statement,600508.3,0,1,1,0,0,74,1,3,Medium,Second-level review recommended,high_risk_type; high_activity_department,Risk Analyst A,open,2,0,0,Medium,high-risk transaction type; high-activity department,Review approval workflow and transaction purpose,2
CASE00117,T000733,2025-12-22,12,A007,Education Fund Account,Bank D,Urban Management Department,year_end_settlement,inflow,305455,V000733,Simulated year end settlement for Urban Management Department,simulated_system,bank_statement,600508.3,0,1,1,0,1,64,0,3,Medium,Second-level review recommended,high_risk_type; year_end,Finance Operations Reviewer,closed,6,0,0,Medium,high-risk transaction type; year-end transaction,Review approval workflow and transaction purpose,2
CASE00118,T000753,2025-12-21,12,A011,Inter-fund Transfer Account,Bank F,Agriculture Department,inter_fund_transfer,inflow,290888,V000753,Simulated inter fund transfer for Agriculture Department,simulated_system,bank_statement,509918.00000000006,0,1,1,0,1,70,0,3,Medium,Second-level review recommended,high_risk_type; year_end,Finance Operations Reviewer,open,8,0,0,Medium,high-risk transaction type; year-end transaction,Review approval workflow and transaction purpose,2
CASE00119,T000754,2025-12-07,12,A007,Education Fund Account,Bank D,Agriculture Department,off_budget_fund_transfer,outflow,288445,V000754,Simulated off budget fund transfer for Agriculture Department,simulated_system,bank_statement,446537.6000000001,0,1,1,0,1,70,0,3,Medium,Second-level review recommended,high_risk_type; year_end,Risk Analyst A,open,4,0,0,Medium,high-risk transaction type; year-end transaction,Review approval workflow and transaction purpose,2
CASE00120,T000757,2025-12-05,12,A013,Year-end Settlement Account,Bank G,Urban Management Department,off_budget_fund_transfer,inflow,277174,V000757,Simulated off budget fund transfer for Urban Management Department,simulated_system,bank_statement,446537.6000000001,0,1,1,0,1,64,0,3,Medium,Second-level review recommended,high_risk_type; year_end,Risk Analyst B,closed,1,0,0,Medium,high-risk transaction type; year-end transaction,Review approval workflow and transaction purpose,2
CASE00121,T000412,2025-07-23,7,A012,Audit Adjustment Account,Bank F,Culture and Tourism Department,off_budget_fund_transfer,outflow,276331,V000412,Simulated off budget fund transfer for Culture and Tourism Department,simulated_system,bank_statement,446537.6000000001,0,1,1,0,0,81,1,3,Medium,Second-level review recommended,high_risk_type; high_activity_department,Controls Reviewer,closed,5,0,0,Medium,high-risk transaction type; high-activity department,Review approval workflow and transaction purpose,2
CASE00122,T000752,2025-12-16,12,A009,Infrastructure Payment Account,Bank E,Agriculture Department,off_budget_fund_transfer,outflow,272718,V000752,Simulated off budget fund transfer for Agriculture Department,simulated_system,bank_statement,446537.6000000001,0,1,1,0,1,70,0,3,Medium,Second-level review recommended,high_risk_type; year_end,Controls Reviewer,closed,6,0,0,Medium,high-risk transaction type; year-end transaction,Review approval workflow and transaction purpose,2
CASE00123,T000549,2025-09-09,9,A007,Education Fund Account,Bank D,Transport Department,off_budget_fund_transfer,outflow,268657,V000549,Simulated off budget fund transfer for Transport Department,simulated_system,bank_statement,446537.6000000001,0,1,1,0,0,74,1,3,Medium,Second-level review recommended,high_risk_type; high_activity_department,Controls Reviewer,open,7,0,0,Medium,high-risk transaction type; high-activity department,Review approval workflow and transaction purpose,2
CASE00124,T000476,2025-08-17,8,A009,Infrastructure Payment Account,Bank E,Finance Bureau Internal Unit,year_end_settlement,outflow,267268,V000476,Simulated year end settlement for Finance Bureau Internal Unit,simulated_system,bank_statement,600508.3,0,1,1,0,0,77,1,3,Medium,Second-level review recommended,high_risk_type; high_activity_department,Risk Analyst B,open,4,0,0,Medium,high-risk transaction type; high-activity department,Review approval workflow and transaction purpose,2
CASE00125,T000701,2025-11-12,11,A006,Social Security Transfer Account,Bank C,Transport Department,off_budget_fund_transfer,inflow,261704,V000701,Simulated off budget fund transfer for Transport Department,simulated_system,bank_statement,446537.6000000001,0,1,1,0,0,74,1,3,Medium,Second-level review recommended,high_risk_type; high_activity_department,Risk Analyst B,investigating,14,0,0,Medium,high-risk transaction type; high-activity department,Review approval workflow and transaction purpose,2
CASE00126,T000211,2025-04-15,4,A003,Non-tax Revenue Collection Account,Bank B,Transport Department,off_budget_fund_transfer,inflow,259010,V000211,Simulated off budget fund transfer for Transport Department,simulated_system,bank_statement,446537.6000000001,0,1,1,0,0,74,1,3,Medium,Second-level review recommended,high_risk_type; high_activity_department,Risk Analyst A,closed,3,0,0,Medium,high-risk transaction type; high-activity department,Review approval workflow and transaction purpose,2
CASE00127,T000134,2025-03-07,3,A008,Health Project Fund Account,Bank D,Finance Bureau Internal Unit,inter_fund_transfer,inflow,258389,V000134,Simulated inter fund transfer for Finance Bureau Internal Unit,simulated_system,bank_statement,509918.00000000006,0,1,1,0,0,77,1,3,Medium,Second-level review recommended,high_risk_type; high_activity_department,Risk Analyst B,closed,3,0,0,Medium,high-risk transaction type; high-activity department,Review approval workflow and transaction purpose,2
CASE00128,T000687,2025-11-29,11,A010,Temporary Holding Account,Bank E,Culture and Tourism Department,inter_fund_transfer,inflow,254417,V000687,Simulated inter fund transfer for Culture and Tourism Department,simulated_system,bank_statement,509918.00000000006,0,1,1,0,0,81,1,3,Medium,Second-level review recommended,high_risk_type; high_activity_department,Risk Analyst B,closed,6,0,0,Medium,high-risk transaction type; high-activity department,Review approval workflow and transaction purpose,2
CASE00129,T000485,2025-08-27,8,A011,Inter-fund Transfer Account,Bank F,Transport Department,off_budget_fund_transfer,inflow,242909,V000485,Simulated off budget fund transfer for Transport Department,simulated_system,bank_statement,446537.6000000001,0,1,1,0,0,74,1,3,Medium,Second-level review recommended,high_risk_type; high_activity_department,Risk Analyst A,closed,5,0,0,Medium,high-risk transaction type; high-activity department,Review approval workflow and transaction purpose,2
CASE00130,T000322,2025-06-12,6,A013,Year-end Settlement Account,Bank G,Transport Department,off_budget_fund_transfer,outflow,241144,V000322,Simulated off budget fund transfer for Transport Department,simulated_system,bank_statement,446537.6000000001,0,1,1,0,0,74,1,3,Medium,Second-level review recommended,high_risk_type; high_activity_department,Controls Reviewer,closed,2,0,0,Medium,high-risk transaction type; high-activity department,Review approval workflow and transaction purpose,2
CASE00131,T000618,2025-10-10,10,A006,Social Security Transfer Account,Bank C,Culture and Tourism Department,off_budget_fund_transfer,inflow,238542,V000618,Simulated off budget fund transfer for Culture and Tourism Department,simulated_system,bank_statement,446537.6000000001,0,1,1,0,0,81,1,3,Medium,Second-level review recommended,high_risk_type; high_activity_department,Senior Review Officer,closed,7,0,0,Medium,high-risk transaction type; high-activity department,Review approval workflow and transaction purpose,2
CASE00132,T000738,2025-12-18,12,A003,Non-tax Revenue Collection Account,Bank B,Emergency Management Department,inter_fund_transfer,inflow,224580,V000738,Simulated inter fund transfer for Emergency Management Department,simulated_system,bank_statement,509918.00000000006,0,1,1,0,1,70,0,3,Medium,Second-level review recommended,high_risk_type; year_end,Finance Operations Reviewer,closed,4,0,0,Medium,high-risk transaction type; year-end transaction,Review approval workflow and transaction purpose,2
CASE00133,T000639,2025-10-17,10,A004,Off-budget Fund Account,Bank B,Transport Department,off_budget_fund_transfer,outflow,216944,V000639,Simulated off budget fund transfer for Transport Department,simulated_system,bank_statement,446537.6000000001,0,1,1,0,0,74,1,3,Medium,Second-level review recommended,high_risk_type; high_activity_department,Risk Analyst B,open,6,0,0,Medium,high-risk transaction type; high-activity department,Review approval workflow and transaction purpose,2
CASE00134,T000288,2025-06-13,6,A010,Temporary Holding Account,Bank E,Culture and Tourism Department,temporary_holding,inflow,212904,V000288,Simulated temporary holding for Culture and Tourism Department,simulated_system,bank_statement,219627.5,0,1,1,0,0,81,1,3,Medium,Second-level review recommended,high_risk_type; high_activity_department,Controls Reviewer,investigating,3,0,0,Medium,high-risk transaction type; high-activity department,Review approval workflow and transaction purpose,2
CASE00135,T000783,2025-12-28,12,A008,Health Project Fund Account,Bank D,Emergency Management Department,temporary_holding,inflow,207626,V000783,Simulated temporary holding for Emergency Management Department,simulated_system,bank_statement,219627.5,0,1,1,0,1,70,0,3,Medium,Second-level review recommended,high_risk_type; year_end,Finance Operations Reviewer,closed,2,0,0,Medium,high-risk transaction type; year-end transaction,Review approval workflow and transaction purpose,2
CASE00136,T000139,2025-03-10,3,A011,Inter-fund Transfer Account,Bank F,Culture and Tourism Department,off_budget_fund_transfer,inflow,205211,V000139,Simulated off budget fund transfer for Culture and Tourism Department,simulated_system,bank_statement,446537.6000000001,0,1,1,0,0,81,1,3,Medium,Second-level review recommended,high_risk_type; high_activity_department,Senior Review Officer,investigating,3,0,0,Medium,high-risk transaction type; high-activity department,Review approval workflow and transaction purpose,2
CASE00137,T000758,2025-12-03,12,A010,Temporary Holding Account,Bank E,Urban Management Department,inter_fund_transfer,inflow,203208,V000758,Simulated inter fund transfer for Urban Management Department,simulated_system,bank_statement,509918.00000000006,0,1,1,0,1,64,0,3,Medium,Second-level review recommended,high_risk_type; year_end,Finance Operations Reviewer,investigating,8,0,0,Medium,high-risk transaction type; year-end transaction,Review approval workflow and transaction purpose,2
CASE00138,T000093,2025-02-21,2,A004,Off-budget Fund Account,Bank B,Culture and Tourism Department,off_budget_fund_transfer,inflow,198270,V000093,Simulated off budget fund transfer for Culture and Tourism Department,simulated_system,bank_statement,446537.6000000001,0,1,1,0,0,81,1,3,Medium,Second-level review recommended,high_risk_type; high_activity_department,Finance Operations Reviewer,closed,4,0,0,Medium,high-risk transaction type; high-activity department,Review approval workflow and transaction purpose,2
CASE00139,T000328,2025-06-17,6,A006,Social Security Transfer Account,Bank C,Culture and Tourism Department,temporary_holding,inflow,197902,V000328,Simulated temporary holding for Culture and Tourism Department,simulated_system,bank_statement,219627.5,0,1,1,0,0,81,1,3,Medium,Second-level review recommended,high_risk_type; high_activity_department,Controls Reviewer,closed,4,0,0,Medium,high-risk transaction type; high-activity department,Review approval workflow and transaction purpose,2
CASE00140,T000523,2025-09-26,9,A003,Non-tax Revenue Collection Account,Bank B,Finance Bureau Internal Unit,off_budget_fund_transfer,inflow,192434,V000523,Simulated off budget fund transfer for Finance Bureau Internal Unit,simulated_system,bank_statement,446537.6000000001,0,1,1,0,0,77,1,3,Medium,Second-level review recommended,high_risk_type; high_activity_department,Finance Operations Reviewer,closed,1,0,0,Medium,high-risk transaction type; high-activity department,Review approval workflow and transaction purpose,2
CASE00141,T000381,2025-07-25,7,A006,Social Security Transfer Account,Bank C,Finance Bureau Internal Unit,off_budget_fund_transfer,outflow,182271,V000381,Simulated off budget fund transfer for Finance Bureau Internal Unit,simulated_system,bank_statement,446537.6000000001,0,1,1,0,0,77,1,3,Medium,Second-level review recommended,high_risk_type; high_activity_department,Risk Analyst A,closed,3,0,0,Medium,high-risk transaction type; high-activity department,Review approval workflow and transaction purpose,2
CASE00142,T000077,2025-02-01,2,A006,Social Security Transfer Account,Bank C,Culture and Tourism Department,off_budget_fund_transfer,inflow,181878,V000077,Simulated off budget fund transfer for Culture and Tourism Department,simulated_system,bank_statement,446537.6000000001,0,1,1,0,0,81,1,3,Medium,Second-level review recommended,high_risk_type; high_activity_department,Finance Operations Reviewer,closed,5,0,0,Medium,high-risk transaction type; high-activity department,Review approval workflow and transaction purpose,2
CASE00143,T000002,2025-01-28,1,A011,Inter-fund Transfer Account,Bank F,Transport Department,off_budget_fund_transfer,inflow,179503,V000002,Simulated off budget fund transfer for Transport Department,simulated_system,bank_statement,446537.6000000001,0,1,1,0,0,74,1,3,Medium,Second-level review recommended,high_risk_type; high_activity_department,Senior Review Officer,open,10,0,0,Medium,high-risk transaction type; high-activity department,Review approval workflow and transaction purpose,2
CASE00144,T000459,2025-08-11,8,A010,Temporary Holding Account,Bank E,Health Department,non_tax_revenue_collection,inflow,177208,V000459,Simulated non tax revenue collection for Health Department,simulated_system,bank_statement,163417.0,1,0,1,0,0,63,0,3,Medium,Review transaction amount and supporting documents,large_amount,Controls Reviewer,closed,4,0,0,Medium,large amount transaction,Request supporting documents for large payment,2
CASE00145,T000414,2025-07-19,7,A004,Off-budget Fund Account,Bank B,Environmental Protection Department,non_tax_revenue_collection,inflow,175939,V000414,Simulated non tax revenue collection for Environmental Protection Department,simulated_system,bank_statement,163417.0,1,0,1,0,0,70,0,3,Medium,Review transaction amount and supporting documents,large_amount,Controls Reviewer,closed,2,0,0,Medium,large amount transaction,Request supporting documents for large payment,2
CASE00146,T000679,2025-11-01,11,A008,Health Project Fund Account,Bank D,Health Department,non_tax_revenue_collection,inflow,175456,V000679,Simulated non tax revenue collection for Health Department,simulated_system,bank_statement,163417.0,1,0,1,0,0,63,0,3,Medium,Review transaction amount and supporting documents,large_amount,Controls Reviewer,investigating,11,0,0,Medium,large amount transaction,Request supporting documents for large payment,2
CASE00147,T000502,2025-09-27,9,A012,Audit Adjustment Account,Bank F,Social Security Department,non_tax_revenue_collection,inflow,173001,V000502,Simulated non tax revenue collection for Social Security Department,simulated_system,bank_statement,163417.0,1,0,1,0,0,66,0,3,Medium,Review transaction amount and supporting documents,large_amount,Risk Analyst B,investigating,11,0,0,Medium,large amount transaction,Request supporting documents for large payment,2
CASE00148,T000317,2025-06-02,6,A009,Infrastructure Payment Account,Bank E,Health Department,non_tax_revenue_collection,inflow,170386,V000317,Simulated non tax revenue collection for Health Department,simulated_system,bank_statement,163417.0,1,0,1,0,0,63,0,3,Medium,Review transaction amount and supporting documents,large_amount,Risk Analyst A,closed,5,0,0,Medium,large amount transaction,Request supporting documents for large payment,2
CASE00149,T000731,2025-12-14,12,A009,Infrastructure Payment Account,Bank E,Agriculture Department,off_budget_fund_transfer,inflow,169728,V000731,Simulated off budget fund transfer for Agriculture Department,simulated_system,bank_statement,446537.6000000001,0,1,1,0,1,70,0,3,Medium,Second-level review recommended,high_risk_type; year_end,Controls Reviewer,investigating,4,0,0,Medium,high-risk transaction type; year-end transaction,Review approval workflow and transaction purpose,2
CASE00150,T000635,2025-10-30,10,A013,Year-end Settlement Account,Bank G,Finance Bureau Internal Unit,off_budget_fund_transfer,inflow,167521,V000635,Simulated off budget fund transfer for Finance Bureau Internal Unit,simulated_system,bank_statement,446537.6000000001,0,1,1,0,0,77,1,3,Medium,Second-level review recommended,high_risk_type; high_activity_department,Risk Analyst B,investigating,6,0,0,Medium,high-risk transaction type; high-activity department,Review approval workflow and transaction purpose,2
CASE00151,T000600,2025-10-28,10,A011,Inter-fund Transfer Account,Bank F,Emergency Management Department,non_tax_revenue_collection,inflow,165371,V000600,Simulated non tax revenue collection for Emergency Management Department,simulated_system,bank_statement,163417.0,1,0,1,0,0,70,0,3,Medium,Review transaction amount and supporting documents,large_amount,Finance Operations Reviewer,investigating,13,0,0,Medium,large amount transaction,Request supporting documents for large payment,2
CASE00152,T000567,2025-09-18,9,A007,Education Fund Account,Bank D,Culture and Tourism Department,year_end_settlement,outflow,160466,V000567,Simulated year end settlement for Culture and Tourism Department,simulated_system,bank_statement,600508.3,0,1,1,0,0,81,1,3,Medium,Second-level review recommended,high_risk_type; high_activity_department,Controls Reviewer,open,8,0,0,Medium,high-risk transaction type; high-activity department,Review approval workflow and transaction purpose,2
CASE00153,T000250,2025-05-31,5,A012,Audit Adjustment Account,Bank F,Transport Department,year_end_settlement,outflow,138042,V000250,Simulated year end settlement for Transport Department,simulated_system,bank_statement,600508.3,0,1,1,0,0,74,1,3,Medium,Second-level review recommended,high_risk_type; high_activity_department,Risk Analyst A,investigating,8,0,0,Medium,high-risk transaction type; high-activity department,Review approval workflow and transaction purpose,2
CASE00154,T000480,2025-08-17,8,A010,Temporary Holding Account,Bank E,Culture and Tourism Department,audit_adjustment,inflow,98228,V000480,Simulated audit adjustment for Culture and Tourism Department,simulated_system,bank_statement,100457.6,0,1,1,0,0,81,1,3,Medium,Second-level review recommended,high_risk_type; high_activity_department,Risk Analyst A,closed,3,0,0,Medium,high-risk transaction type; high-activity department,Review approval workflow and transaction purpose,2
CASE00155,T000325,2025-06-27,6,A007,Education Fund Account,Bank D,Transport Department,temporary_holding,inflow,96402,V000325,Simulated temporary holding for Transport Department,simulated_system,bank_statement,219627.5,0,1,1,0,0,74,1,3,Medium,Second-level review recommended,high_risk_type; high_activity_department,Risk Analyst A,open,7,0,0,Medium,high-risk transaction type; high-activity department,Review approval workflow and transaction purpose,2
CASE00156,T000112,2025-03-20,3,A003,Non-tax Revenue Collection Account,Bank B,Culture and Tourism Department,temporary_holding,inflow,95553,V000112,Simulated temporary holding for Culture and Tourism Department,simulated_system,bank_statement,219627.5,0,1,1,0,0,81,1,3,Medium,Second-level review recommended,high_risk_type; high_activity_department,Controls Reviewer,closed,7,0,0,Medium,high-risk transaction type; high-activity department,Review approval workflow and transaction purpose,2
CASE00157,T000419,2025-07-12,7,A005,Special Fund Account,Bank C,Culture and Tourism Department,inter_fund_transfer,outflow,94694,V000419,Simulated inter fund transfer for Culture and Tourism Department,simulated_system,bank_statement,509918.00000000006,0,1,1,0,0,81,1,3,Medium,Second-level review recommended,high_risk_type; high_activity_department,Finance Operations Reviewer,open,10,0,0,Medium,high-risk transaction type; high-activity department,Review approval workflow and transaction purpose,2
CASE00158,T000810,2025-12-15,12,A003,Non-tax Revenue Collection Account,Bank B,Health Department,off_budget_fund_transfer,outflow,86440,V000810,Simulated off budget fund transfer for Health Department,simulated_system,bank_statement,446537.6000000001,0,1,1,0,1,63,0,3,Medium,Second-level review recommended,high_risk_type; year_end,Risk Analyst B,investigating,7,0,0,Medium,high-risk transaction type; year-end transaction,Review approval workflow and transaction purpose,2
CASE00159,T000252,2025-05-02,5,A011,Inter-fund Transfer Account,Bank F,Culture and Tourism Department,year_end_settlement,outflow,85745,V000252,Simulated year end settlement for Culture and Tourism Department,simulated_system,bank_statement,600508.3,0,1,1,0,0,81,1,3,Medium,Second-level review recommended,high_risk_type; high_activity_department,Risk Analyst B,closed,6,0,0,Medium,high-risk transaction type; high-activity department,Review approval workflow and transaction purpose,2
CASE00160,T000090,2025-02-25,2,A007,Education Fund Account,Bank D,Culture and Tourism Department,off_budget_fund_transfer,outflow,85337,V000090,Simulated off budget fund transfer for Culture and Tourism Department,simulated_system,bank_statement,446537.6000000001,0,1,1,0,0,81,1,3,Medium,Second-level review recommended,high_risk_type; high_activity_department,Finance Operations Reviewer,open,10,0,0,Medium,high-risk transaction type; high-activity department,Review approval workflow and transaction purpose,2
CASE00161,T000774,2025-12-01,12,A002,Budget Execution Payment Account,Bank A,Infrastructure Department,off_budget_fund_transfer,inflow,84645,V000774,Simulated off budget fund transfer for Infrastructure Department,simulated_system,bank_statement,446537.6000000001,0,1,1,0,1,64,0,3,Medium,Second-level review recommended,high_risk_type; year_end,Risk Analyst A,closed,4,0,0,Medium,high-risk transaction type; year-end transaction,Review approval workflow and transaction purpose,2
CASE00162,T000339,2025-06-15,6,A003,Non-tax Revenue Collection Account,Bank B,Finance Bureau Internal Unit,off_budget_fund_transfer,inflow,84195,V000339,Simulated off budget fund transfer for Finance Bureau Internal Unit,simulated_system,bank_statement,446537.6000000001,0,1,1,0,0,77,1,3,Medium,Second-level review recommended,high_risk_type; high_activity_department,Finance Operations Reviewer,investigating,7,0,0,Medium,high-risk transaction type; high-activity department,Review approval workflow and transaction purpose,2
CASE00163,T000352,2025-06-26,6,A009,Infrastructure Payment Account,Bank E,Finance Bureau Internal Unit,off_budget_fund_transfer,inflow,80599,V000352,Simulated off budget fund transfer for Finance Bureau Internal Unit,simulated_system,bank_statement,446537.6000000001,0,1,1,0,0,77,1,3,Medium,Second-level review recommended,high_risk_type; high_activity_department,Finance Operations Reviewer,open,9,0,0,Medium,high-risk transaction type; high-activity department,Review approval workflow and transaction purpose,2
CASE00164,T000709,2025-12-14,12,A005,Special Fund Account,Bank C,Health Department,audit_adjustment,outflow,79798,V000709,Simulated audit adjustment for Health Department,simulated_system,bank_statement,100457.6,0,1,1,0,1,63,0,3,Medium,Second-level review recommended,high_risk_type; year_end,Controls Reviewer,closed,6,0,0,Medium,high-risk transaction type; year-end transaction,Review approval workflow and transaction purpose,2
CASE00165,T000111,2025-03-29,3,A012,Audit Adjustment Account,Bank F,Infrastructure Department,refund,inflow,78961,V000111,Simulated refund for Infrastructure Department,simulated_system,bank_statement,70230.0,1,0,1,0,0,64,0,3,Medium,Review transaction amount and supporting documents,large_amount,Finance Operations Reviewer,investigating,11,0,0,Medium,large amount transaction,Request supporting documents for large payment,2
CASE00166,T000301,2025-06-21,6,A010,Temporary Holding Account,Bank E,Emergency Management Department,refund,inflow,78674,V000301,Simulated refund for Emergency Management Department,simulated_system,bank_statement,70230.0,1,0,1,0,0,70,0,3,Medium,Review transaction amount and supporting documents,large_amount,Risk Analyst B,open,5,0,0,Medium,large amount transaction,Request supporting documents for large payment,2
CASE00167,T000176,2025-04-18,4,A011,Inter-fund Transfer Account,Bank F,Social Security Department,refund,inflow,78256,V000176,Simulated refund for Social Security Department,simulated_system,bank_statement,70230.0,1,0,1,0,0,66,0,3,Medium,Review transaction amount and supporting documents,large_amount,Risk Analyst A,investigating,2,0,0,Medium,large amount transaction,Request supporting documents for large payment,2
CASE00168,T000682,2025-11-30,11,A007,Education Fund Account,Bank D,Social Security Department,refund,inflow,78095,V000682,Simulated refund for Social Security Department,simulated_system,bank_statement,70230.0,1,0,1,0,0,66,0,3,Medium,Review transaction amount and supporting documents,large_amount,Risk Analyst B,closed,6,0,0,Medium,large amount transaction,Request supporting documents for large payment,2
CASE00169,T000773,2025-12-15,12,A013,Year-end Settlement Account,Bank G,Infrastructure Department,temporary_holding,inflow,77396,V000773,Simulated temporary holding for Infrastructure Department,simulated_system,bank_statement,219627.5,0,1,1,0,1,64,0,3,Medium,Second-level review recommended,high_risk_type; year_end,Senior Review Officer,open,8,0,0,Medium,high-risk transaction type; year-end transaction,Review approval workflow and transaction purpose,2
CASE00170,T000233,2025-05-23,5,A011,Inter-fund Transfer Account,Bank F,Health Department,refund,inflow,76763,V000233,Simulated refund for Health Department,simulated_system,bank_statement,70230.0,1,0,1,0,0,63,0,3,Medium,Review transaction amount and supporting documents,large_amount,Finance Operations Reviewer,investigating,2,0,0,Medium,large amount transaction,Request supporting documents for large payment,2
CASE00171,T000646,2025-10-24,10,A002,Budget Execution Payment Account,Bank A,Emergency Management Department,refund,inflow,74914,V000646,Simulated refund for Emergency Management Department,simulated_system,bank_statement,70230.0,1,0,1,0,0,70,0,3,Medium,Review transaction amount and supporting documents,large_amount,Risk Analyst B,open,3,0,0,Medium,large amount transaction,Request supporting documents for large payment,2
CASE00172,T000795,2025-12-23,12,A009,Infrastructure Payment Account,Bank E,Urban Management Department,off_budget_fund_transfer,outflow,74134,V000795,Simulated off budget fund transfer for Urban Management Department,simulated_system,bank_statement,446537.6000000001,0,1,1,0,1,64,0,3,Medium,Second-level review recommended,high_risk_type; year_end,Finance Operations Reviewer,investigating,3,0,0,Medium,high-risk transaction type; year-end transaction,Review approval workflow and transaction purpose,2
CASE00173,T000614,2025-10-17,10,A009,Infrastructure Payment Account,Bank E,Finance Bureau Internal Unit,off_budget_fund_transfer,inflow,69710,V000614,Simulated off budget fund transfer for Finance Bureau Internal Unit,simulated_system,bank_statement,446537.6000000001,0,1,1,0,0,77,1,3,Medium,Second-level review recommended,high_risk_type; high_activity_department,Risk Analyst A,closed,6,0,0,Medium,high-risk transaction type; high-activity department,Review approval workflow and transaction purpose,2
CASE00174,T000098,2025-03-11,3,A004,Off-budget Fund Account,Bank B,Transport Department,temporary_holding,inflow,55028,V000098,Simulated temporary holding for Transport Department,simulated_system,bank_statement,219627.5,0,1,1,0,0,74,1,3,Medium,Second-level review recommended,high_risk_type; high_activity_department,Risk Analyst A,closed,3,0,0,Medium,high-risk transaction type; high-activity department,Review approval workflow and transaction purpose,2
CASE00175,T000714,2025-12-20,12,A010,Temporary Holding Account,Bank E,Social Security Department,temporary_holding,inflow,54512,V000714,Simulated temporary holding for Social Security Department,simulated_system,bank_statement,219627.5,0,1,1,0,1,66,0,3,Medium,Second-level review recommended,high_risk_type; year_end,Risk Analyst B,investigating,10,0,0,Medium,high-risk transaction type; year-end transaction,Review approval workflow and transaction purpose,2
CASE00176,T000724,2025-12-15,12,A004,Off-budget Fund Account,Bank B,Agriculture Department,temporary_holding,inflow,49767,V000724,Simulated temporary holding for Agriculture Department,simulated_system,bank_statement,219627.5,0,1,1,0,1,70,0,3,Medium,Second-level review recommended,high_risk_type; year_end,Risk Analyst A,open,8,0,0,Medium,high-risk transaction type; year-end transaction,Review approval workflow and transaction purpose,2
CASE00177,T000747,2025-12-26,12,A012,Audit Adjustment Account,Bank F,Infrastructure Department,temporary_holding,inflow,49051,V000747,Simulated temporary holding for Infrastructure Department,simulated_system,bank_statement,219627.5,0,1,1,0,1,64,0,3,Medium,Second-level review recommended,high_risk_type; year_end,Risk Analyst B,closed,2,0,0,Medium,high-risk transaction type; year-end transaction,Review approval workflow and transaction purpose,2
CASE00178,T000766,2025-12-19,12,A013,Year-end Settlement Account,Bank G,Health Department,audit_adjustment,inflow,42300,V000766,Simulated audit adjustment for Health Department,simulated_system,bank_statement,100457.6,0,1,1,0,1,63,0,3,Medium,Second-level review recommended,high_risk_type; year_end,Risk Analyst B,investigating,9,0,0,Medium,high-risk transaction type; year-end transaction,Review approval workflow and transaction purpose,2
CASE00179,T000761,2025-12-03,12,A007,Education Fund Account,Bank D,Environmental Protection Department,audit_adjustment,outflow,41761,V000761,Simulated audit adjustment for Environmental Protection Department,simulated_system,bank_statement,100457.6,0,1,1,0,1,70,0,3,Medium,Second-level review recommended,high_risk_type; year_end,Risk Analyst B,closed,7,0,0,Medium,high-risk transaction type; year-end transaction,Review approval workflow and transaction purpose,2
CASE00180,T000692,2025-11-03,11,A012,Audit Adjustment Account,Bank F,Culture and Tourism Department,off_budget_fund_transfer,outflow,37399,V000692,Simulated off budget fund transfer for Culture and Tourism Department,simulated_system,bank_statement,446537.6000000001,0,1,1,0,0,81,1,3,Medium,Second-level review recommended,high_risk_type; high_activity_department,Controls Reviewer,investigating,14,0,0,Medium,high-risk transaction type; high-activity department,Review approval workflow and transaction purpose,2
CASE00181,T000799,2025-12-13,12,A001,Treasury Main Account,Bank A,Emergency Management Department,audit_adjustment,inflow,35928,V000799,Simulated audit adjustment for Emergency Management Department,simulated_system,bank_statement,100457.6,0,1,1,0,1,70,0,3,Medium,Second-level review recommended,high_risk_type; year_end,Risk Analyst A,open,2,0,0,Medium,high-risk transaction type; year-end transaction,Review approval workflow and transaction purpose,2
CASE00182,T000014,2025-01-01,1,A003,Non-tax Revenue Collection Account,Bank B,Finance Bureau Internal Unit,temporary_holding,inflow,32671,V000014,Simulated temporary holding for Finance Bureau Internal Unit,simulated_system,bank_statement,219627.5,0,1,1,0,0,77,1,3,Medium,Second-level review recommended,high_risk_type; high_activity_department,Finance Operations Reviewer,closed,6,0,0,Medium,high-risk transaction type; high-activity department,Review approval workflow and transaction purpose,2
CASE00183,T000801,2025-12-18,12,A003,Non-tax Revenue Collection Account,Bank B,Infrastructure Department,temporary_holding,inflow,32099,V000801,Simulated temporary holding for Infrastructure Department,simulated_system,bank_statement,219627.5,0,1,1,0,1,64,0,3,Medium,Second-level review recommended,high_risk_type; year_end,Senior Review Officer,investigating,9,0,0,Medium,high-risk transaction type; year-end transaction,Review approval workflow and transaction purpose,2
CASE00184,T000016,2025-01-07,1,A006,Social Security Transfer Account,Bank C,Transport Department,audit_adjustment,outflow,31306,V000016,Simulated audit adjustment for Transport Department,simulated_system,bank_statement,100457.6,0,1,1,0,0,74,1,3,Medium,Second-level review recommended,high_risk_type; high_activity_department,Controls Reviewer,closed,3,0,0,Medium,high-risk transaction type; high-activity department,Review approval workflow and transaction purpose,2
CASE00185,T000361,2025-06-19,6,A003,Non-tax Revenue Collection Account,Bank B,Culture and Tourism Department,temporary_holding,inflow,26428,V000361,Simulated temporary holding for Culture and Tourism Department,simulated_system,bank_statement,219627.5,0,1,1,0,0,81,1,3,Medium,Second-level review recommended,high_risk_type; high_activity_department,Risk Analyst B,closed,7,0,0,Medium,high-risk transaction type; high-activity department,Review approval workflow and transaction purpose,2
CASE00186,T000543,2025-09-15,9,A013,Year-end Settlement Account,Bank G,Transport Department,audit_adjustment,outflow,22359,V000543,Simulated audit adjustment for Transport Department,simulated_system,bank_statement,100457.6,0,1,1,0,0,74,1,3,Medium,Second-level review recommended,high_risk_type; high_activity_department,Risk Analyst A,open,11,0,0,Medium,high-risk transaction type; high-activity department,Review approval workflow and transaction purpose,2
CASE00187,T000448,2025-08-02,8,A009,Infrastructure Payment Account,Bank E,Social Security Department,year_end_settlement,inflow,559787,V000448,Simulated year end settlement for Social Security Department,simulated_system,bank_statement,600508.3,0,1,1,0,0,66,0,2,Low,Second-level review recommended,high_risk_type,Controls Reviewer,open,6,0,0,Low,high-risk transaction type,Review approval workflow and transaction purpose,1
CASE00188,T000538,2025-09-05,9,A013,Year-end Settlement Account,Bank G,Infrastructure Department,year_end_settlement,inflow,509498,V000538,Simulated year end settlement for Infrastructure Department,simulated_system,bank_statement,600508.3,0,1,1,0,0,64,0,2,Low,Second-level review recommended,high_risk_type,Risk Analyst A,closed,5,0,0,Low,high-risk transaction type,Review approval workflow and transaction purpose,1
CASE00189,T000191,2025-04-23,4,A011,Inter-fund Transfer Account,Bank F,Environmental Protection Department,year_end_settlement,inflow,508336,V000191,Simulated year end settlement for Environmental Protection Department,simulated_system,bank_statement,600508.3,0,1,1,0,0,70,0,2,Low,Second-level review recommended,high_risk_type,Risk Analyst B,closed,7,0,0,Low,high-risk transaction type,Review approval workflow and transaction purpose,1
CASE00190,T000181,2025-04-22,4,A012,Audit Adjustment Account,Bank F,Emergency Management Department,inter_fund_transfer,inflow,506799,V000181,Simulated inter fund transfer for Emergency Management Department,simulated_system,bank_statement,509918.00000000006,0,1,1,0,0,70,0,2,Low,Second-level review recommended,high_risk_type,Risk Analyst B,open,1,0,0,Low,high-risk transaction type,Review approval workflow and transaction purpose,1
CASE00191,T000369,2025-06-01,6,A003,Non-tax Revenue Collection Account,Bank B,Infrastructure Department,inter_fund_transfer,outflow,499809,V000369,Simulated inter fund transfer for Infrastructure Department,simulated_system,bank_statement,509918.00000000006,0,1,1,0,0,64,0,2,Low,Second-level review recommended,high_risk_type,Finance Operations Reviewer,closed,6,0,0,Low,high-risk transaction type,Review approval workflow and transaction purpose,1
CASE00192,T000442,2025-08-16,8,A013,Year-end Settlement Account,Bank G,Social Security Department,inter_fund_transfer,outflow,492617,V000442,Simulated inter fund transfer for Social Security Department,simulated_system,bank_statement,509918.00000000006,0,1,1,0,0,66,0,2,Low,Second-level review recommended,high_risk_type,Finance Operations Reviewer,open,5,0,0,Low,high-risk transaction type,Review approval workflow and transaction purpose,1
CASE00193,T000212,2025-04-19,4,A012,Audit Adjustment Account,Bank F,Agriculture Department,inter_fund_transfer,outflow,491249,V000212,Simulated inter fund transfer for Agriculture Department,simulated_system,bank_statement,509918.00000000006,0,1,1,0,0,70,0,2,Low,Second-level review recommended,high_risk_type,Risk Analyst B,open,12,0,0,Low,high-risk transaction type,Review approval workflow and transaction purpose,1
CASE00194,T000537,2025-09-12,9,A007,Education Fund Account,Bank D,Social Security Department,inter_fund_transfer,inflow,481823,V000537,Simulated inter fund transfer for Social Security Department,simulated_system,bank_statement,509918.00000000006,0,1,1,0,0,66,0,2,Low,Second-level review recommended,high_risk_type,Controls Reviewer,open,2,0,0,Low,high-risk transaction type,Review approval workflow and transaction purpose,1
CASE00195,T000609,2025-10-15,10,A007,Education Fund Account,Bank D,Infrastructure Department,year_end_settlement,outflow,460779,V000609,Simulated year end settlement for Infrastructure Department,simulated_system,bank_statement,600508.3,0,1,1,0,0,64,0,2,Low,Second-level review recommended,high_risk_type,Risk Analyst B,closed,4,0,0,Low,high-risk transaction type,Review approval workflow and transaction purpose,1
CASE00196,T000096,2025-02-17,2,A004,Off-budget Fund Account,Bank B,Urban Management Department,year_end_settlement,inflow,452845,V000096,Simulated year end settlement for Urban Management Department,simulated_system,bank_statement,600508.3,0,1,1,0,0,64,0,2,Low,Second-level review recommended,high_risk_type,Finance Operations Reviewer,closed,1,0,0,Low,high-risk transaction type,Review approval workflow and transaction purpose,1
CASE00197,T000195,2025-04-26,4,A008,Health Project Fund Account,Bank D,Community Services Department,inter_fund_transfer,outflow,442225,V000195,Simulated inter fund transfer for Community Services Department,simulated_system,bank_statement,509918.00000000006,0,1,1,0,0,57,0,2,Low,Second-level review recommended,high_risk_type,Risk Analyst B,closed,1,0,0,Low,high-risk transaction type,Review approval workflow and transaction purpose,1
CASE00198,T000231,2025-05-30,5,A004,Off-budget Fund Account,Bank B,Urban Management Department,off_budget_fund_transfer,inflow,438808,V000231,Simulated off budget fund transfer for Urban Management Department,simulated_system,bank_statement,446537.6000000001,0,1,1,0,0,64,0,2,Low,Second-level review recommended,high_risk_type,Risk Analyst A,closed,2,0,0,Low,high-risk transaction type,Review approval workflow and transaction purpose,1
CASE00199,T000508,2025-09-14,9,A003,Non-tax Revenue Collection Account,Bank B,Urban Management Department,off_budget_fund_transfer,inflow,435662,V000508,Simulated off budget fund transfer for Urban Management Department,simulated_system,bank_statement,446537.6000000001,0,1,1,0,0,64,0,2,Low,Second-level review recommended,high_risk_type,Risk Analyst A,closed,5,0,0,Low,high-risk transaction type,Review approval workflow and transaction purpose,1
CASE00200,T000194,2025-04-21,4,A008,Health Project Fund Account,Bank D,Environmental Protection Department,inter_fund_transfer,outflow,432104,V000194,Simulated inter fund transfer for Environmental Protection Department,simulated_system,bank_statement,509918.00000000006,0,1,1,0,0,70,0,2,Low,Second-level review recommended,high_risk_type,Risk Analyst B,closed,2,0,0,Low,high-risk transaction type,Review approval workflow and transaction purpose,1
CASE00201,T000358,2025-06-27,6,A009,Infrastructure Payment Account,Bank E,Community Services Department,year_end_settlement,outflow,428138,V000358,Simulated year end settlement for Community Services Department,simulated_system,bank_statement,600508.3,0,1,1,0,0,57,0,2,Low,Second-level review recommended,high_risk_type,Risk Analyst B,closed,4,0,0,Low,high-risk transaction type,Review approval workflow and transaction purpose,1
CASE00202,T000269,2025-05-08,5,A002,Budget Execution Payment Account,Bank A,Infrastructure Department,off_budget_fund_transfer,outflow,423605,V000269,Simulated off budget fund transfer for Infrastructure Department,simulated_system,bank_statement,446537.6000000001,0,1,1,0,0,64,0,2,Low,Second-level review recommended,high_risk_type,Controls Reviewer,closed,6,0,0,Low,high-risk transaction type,Review approval workflow and transaction purpose,1
CASE00203,T000070,2025-02-08,2,A011,Inter-fund Transfer Account,Bank F,Urban Management Department,off_budget_fund_transfer,outflow,421182,V000070,Simulated off budget fund transfer for Urban Management Department,simulated_system,bank_statement,446537.6000000001,0,1,1,0,0,64,0,2,Low,Second-level review recommended,high_risk_type,Risk Analyst B,closed,5,0,0,Low,high-risk transaction type,Review approval workflow and transaction purpose,1
CASE00204,T000063,2025-02-01,2,A001,Treasury Main Account,Bank A,Emergency Management Department,off_budget_fund_transfer,inflow,419678,V000063,Simulated off budget fund transfer for Emergency Management Department,simulated_system,bank_statement,446537.6000000001,0,1,1,0,0,70,0,2,Low,Second-level review recommended,high_risk_type,Risk Analyst B,closed,2,0,0,Low,high-risk transaction type,Review approval workflow and transaction purpose,1
CASE00205,T000683,2025-11-16,11,A002,Budget Execution Payment Account,Bank A,Health Department,off_budget_fund_transfer,outflow,416055,V000683,Simulated off budget fund transfer for Health Department,simulated_system,bank_statement,446537.6000000001,0,1,1,0,0,63,0,2,Low,Second-level review recommended,high_risk_type,Risk Analyst A,closed,5,0,0,Low,high-risk transaction type,Review approval workflow and transaction purpose,1
CASE00206,T000630,2025-10-16,10,A013,Year-end Settlement Account,Bank G,Social Security Department,inter_fund_transfer,inflow,411413,V000630,Simulated inter fund transfer for Social Security Department,simulated_system,bank_statement,509918.00000000006,0,1,1,0,0,66,0,2,Low,Second-level review recommended,high_risk_type,Risk Analyst A,closed,1,0,0,Low,high-risk transaction type,Review approval workflow and transaction purpose,1
CASE00207,T000220,2025-04-02,4,A003,Non-tax Revenue Collection Account,Bank B,Infrastructure Department,inter_fund_transfer,inflow,394313,V000220,Simulated inter fund transfer for Infrastructure Department,simulated_system,bank_statement,509918.00000000006,0,1,1,0,0,64,0,2,Low,Second-level review recommended,high_risk_type,Senior Review Officer,open,8,0,0,Low,high-risk transaction type,Review approval workflow and transaction purpose,1
CASE00208,T000590,2025-09-19,9,A007,Education Fund Account,Bank D,Social Security Department,off_budget_fund_transfer,inflow,394225,V000590,Simulated off budget fund transfer for Social Security Department,simulated_system,bank_statement,446537.6000000001,0,1,1,0,0,66,0,2,Low,Second-level review recommended,high_risk_type,Senior Review Officer,closed,7,0,0,Low,high-risk transaction type,Review approval workflow and transaction purpose,1
CASE00209,T000553,2025-09-20,9,A002,Budget Execution Payment Account,Bank A,Social Security Department,off_budget_fund_transfer,inflow,393649,V000553,Simulated off budget fund transfer for Social Security Department,simulated_system,bank_statement,446537.6000000001,0,1,1,0,0,66,0,2,Low,Second-level review recommended,high_risk_type,Finance Operations Reviewer,closed,6,0,0,Low,high-risk transaction type,Review approval workflow and transaction purpose,1
CASE00210,T000514,2025-09-26,9,A005,Special Fund Account,Bank C,Education Department,off_budget_fund_transfer,inflow,392544,V000514,Simulated off budget fund transfer for Education Department,simulated_system,bank_statement,446537.6000000001,0,1,1,0,0,56,0,2,Low,Second-level review recommended,high_risk_type,Senior Review Officer,closed,3,0,0,Low,high-risk transaction type,Review approval workflow and transaction purpose,1
CASE00211,T000202,2025-04-14,4,A012,Audit Adjustment Account,Bank F,Agriculture Department,inter_fund_transfer,outflow,388252,V000202,Simulated inter fund transfer for Agriculture Department,simulated_system,bank_statement,509918.00000000006,0,1,1,0,0,70,0,2,Low,Second-level review recommended,high_risk_type,Risk Analyst B,closed,7,0,0,Low,high-risk transaction type,Review approval workflow and transaction purpose,1
CASE00212,T000122,2025-03-09,3,A011,Inter-fund Transfer Account,Bank F,Social Security Department,off_budget_fund_transfer,outflow,372962,V000122,Simulated off budget fund transfer for Social Security Department,simulated_system,bank_statement,446537.6000000001,0,1,1,0,0,66,0,2,Low,Second-level review recommended,high_risk_type,Finance Operations Reviewer,closed,1,0,0,Low,high-risk transaction type,Review approval workflow and transaction purpose,1
CASE00213,T000510,2025-09-03,9,A011,Inter-fund Transfer Account,Bank F,Agriculture Department,off_budget_fund_transfer,inflow,371116,V000510,Simulated off budget fund transfer for Agriculture Department,simulated_system,bank_statement,446537.6000000001,0,1,1,0,0,70,0,2,Low,Second-level review recommended,high_risk_type,Risk Analyst A,closed,5,0,0,Low,high-risk transaction type,Review approval workflow and transaction purpose,1
CASE00214,T000453,2025-08-17,8,A012,Audit Adjustment Account,Bank F,Emergency Management Department,year_end_settlement,outflow,360763,V000453,Simulated year end settlement for Emergency Management Department,simulated_system,bank_statement,600508.3,0,1,1,0,0,70,0,2,Low,Second-level review recommended,high_risk_type,Risk Analyst B,closed,3,0,0,Low,high-risk transaction type,Review approval workflow and transaction purpose,1
CASE00215,T000102,2025-03-11,3,A010,Temporary Holding Account,Bank E,Community Services Department,year_end_settlement,outflow,356916,V000102,Simulated year end settlement for Community Services Department,simulated_system,bank_statement,600508.3,0,1,1,0,0,57,0,2,Low,Second-level review recommended,high_risk_type,Risk Analyst A,closed,7,0,0,Low,high-risk transaction type,Review approval workflow and transaction purpose,1
CASE00216,T000085,2025-02-11,2,A012,Audit Adjustment Account,Bank F,Agriculture Department,inter_fund_transfer,outflow,356676,V000085,Simulated inter fund transfer for Agriculture Department,simulated_system,bank_statement,509918.00000000006,0,1,1,0,0,70,0,2,Low,Second-level review recommended,high_risk_type,Controls Reviewer,open,7,0,0,Low,high-risk transaction type,Review approval workflow and transaction purpose,1
CASE00217,T000689,2025-11-24,11,A006,Social Security Transfer Account,Bank C,Health Department,off_budget_fund_transfer,outflow,350991,V000689,Simulated off budget fund transfer for Health Department,simulated_system,bank_statement,446537.6000000001,0,1,1,0,0,63,0,2,Low,Second-level review recommended,high_risk_type,Risk Analyst A,closed,5,0,0,Low,high-risk transaction type,Review approval workflow and transaction purpose,1
CASE00218,T000147,2025-03-08,3,A009,Infrastructure Payment Account,Bank E,Agriculture Department,year_end_settlement,inflow,345507,V000147,Simulated year end settlement for Agriculture Department,simulated_system,bank_statement,600508.3,0,1,1,0,0,70,0,2,Low,Second-level review recommended,high_risk_type,Risk Analyst B,closed,3,0,0,Low,high-risk transaction type,Review approval workflow and transaction purpose,1
CASE00219,T000329,2025-06-20,6,A011,Inter-fund Transfer Account,Bank F,Education Department,off_budget_fund_transfer,outflow,339718,V000329,Simulated off budget fund transfer for Education Department,simulated_system,bank_statement,446537.6000000001,0,1,1,0,0,56,0,2,Low,Second-level review recommended,high_risk_type,Controls Reviewer,closed,4,0,0,Low,high-risk transaction type,Review approval workflow and transaction purpose,1
CASE00220,T000558,2025-09-14,9,A013,Year-end Settlement Account,Bank G,Agriculture Department,year_end_settlement,inflow,334543,V000558,Simulated year end settlement for Agriculture Department,simulated_system,bank_statement,600508.3,0,1,1,0,0,70,0,2,Low,Second-level review recommended,high_risk_type,Finance Operations Reviewer,open,8,0,0,Low,high-risk transaction type,Review approval workflow and transaction purpose,1
CASE00221,T000515,2025-09-22,9,A010,Temporary Holding Account,Bank E,Social Security Department,off_budget_fund_transfer,inflow,332877,V000515,Simulated off budget fund transfer for Social Security Department,simulated_system,bank_statement,446537.6000000001,0,1,1,0,0,66,0,2,Low,Second-level review recommended,high_risk_type,Finance Operations Reviewer,closed,7,0,0,Low,high-risk transaction type,Review approval workflow and transaction purpose,1
CASE00222,T000050,2025-01-25,1,A008,Health Project Fund Account,Bank D,Education Department,year_end_settlement,inflow,329770,V000050,Simulated year end settlement for Education Department,simulated_system,bank_statement,600508.3,0,1,1,0,0,56,0,2,Low,Second-level review recommended,high_risk_type,Finance Operations Reviewer,closed,6,0,0,Low,high-risk transaction type,Review approval workflow and transaction purpose,1
CASE00223,T000249,2025-05-06,5,A007,Education Fund Account,Bank D,Agriculture Department,off_budget_fund_transfer,outflow,319220,V000249,Simulated off budget fund transfer for Agriculture Department,simulated_system,bank_statement,446537.6000000001,0,1,1,0,0,70,0,2,Low,Second-level review recommended,high_risk_type,Senior Review Officer,closed,1,0,0,Low,high-risk transaction type,Review approval workflow and transaction purpose,1
CASE00224,T000187,2025-04-20,4,A005,Special Fund Account,Bank C,Emergency Management Department,off_budget_fund_transfer,inflow,310852,V000187,Simulated off budget fund transfer for Emergency Management Department,simulated_system,bank_statement,446537.6000000001,0,1,1,0,0,70,0,2,Low,Second-level review recommended,high_risk_type,Senior Review Officer,closed,1,0,0,Low,high-risk transaction type,Review approval workflow and transaction purpose,1
CASE00225,T000622,2025-10-03,10,A008,Health Project Fund Account,Bank D,Health Department,off_budget_fund_transfer,outflow,299992,V000622,Simulated off budget fund transfer for Health Department,simulated_system,bank_statement,446537.6000000001,0,1,1,0,0,63,0,2,Low,Second-level review recommended,high_risk_type,Risk Analyst B,closed,1,0,0,Low,high-risk transaction type,Review approval workflow and transaction purpose,1
CASE00226,T000247,2025-05-28,5,A006,Social Security Transfer Account,Bank C,Community Services Department,year_end_settlement,outflow,299150,V000247,Simulated year end settlement for Community Services Department,simulated_system,bank_statement,600508.3,0,1,1,0,0,57,0,2,Low,Second-level review recommended,high_risk_type,Risk Analyst A,open,10,0,0,Low,high-risk transaction type,Review approval workflow and transaction purpose,1
CASE00227,T000494,2025-08-13,8,A009,Infrastructure Payment Account,Bank E,Environmental Protection Department,inter_fund_transfer,inflow,289579,V000494,Simulated inter fund transfer for Environmental Protection Department,simulated_system,bank_statement,509918.00000000006,0,1,1,0,0,70,0,2,Low,Second-level review recommended,high_risk_type,Finance Operations Reviewer,open,9,0,0,Low,high-risk transaction type,Review approval workflow and transaction purpose,1
CASE00228,T000064,2025-02-20,2,A010,Temporary Holding Account,Bank E,Education Department,year_end_settlement,inflow,287665,V000064,Simulated year end settlement for Education Department,simulated_system,bank_statement,600508.3,0,1,1,0,0,56,0,2,Low,Second-level review recommended,high_risk_type,Controls Reviewer,closed,2,0,0,Low,high-risk transaction type,Review approval workflow and transaction purpose,1
CASE00229,T000342,2025-06-26,6,A009,Infrastructure Payment Account,Bank E,Community Services Department,inter_fund_transfer,inflow,286150,V000342,Simulated inter fund transfer for Community Services Department,simulated_system,bank_statement,509918.00000000006,0,1,1,0,0,57,0,2,Low,Second-level review recommended,high_risk_type,Risk Analyst B,closed,4,0,0,Low,high-risk transaction type,Review approval workflow and transaction purpose,1
CASE00230,T000460,2025-08-16,8,A005,Special Fund Account,Bank C,Education Department,off_budget_fund_transfer,outflow,279141,V000460,Simulated off budget fund transfer for Education Department,simulated_system,bank_statement,446537.6000000001,0,1,1,0,0,56,0,2,Low,Second-level review recommended,high_risk_type,Risk Analyst B,open,9,0,0,Low,high-risk transaction type,Review approval workflow and transaction purpose,1
CASE00231,T000542,2025-09-01,9,A008,Health Project Fund Account,Bank D,Environmental Protection Department,off_budget_fund_transfer,outflow,277541,V000542,Simulated off budget fund transfer for Environmental Protection Department,simulated_system,bank_statement,446537.6000000001,0,1,1,0,0,70,0,2,Low,Second-level review recommended,high_risk_type,Risk Analyst B,closed,5,0,0,Low,high-risk transaction type,Review approval workflow and transaction purpose,1
CASE00232,T000199,2025-04-24,4,A001,Treasury Main Account,Bank A,Emergency Management Department,off_budget_fund_transfer,inflow,276183,V000199,Simulated off budget fund transfer for Emergency Management Department,simulated_system,bank_statement,446537.6000000001,0,1,1,0,0,70,0,2,Low,Second-level review recommended,high_risk_type,Finance Operations Reviewer,closed,6,0,0,Low,high-risk transaction type,Review approval workflow and transaction purpose,1
CASE00233,T000179,2025-04-05,4,A010,Temporary Holding Account,Bank E,Social Security Department,off_budget_fund_transfer,outflow,274809,V000179,Simulated off budget fund transfer for Social Security Department,simulated_system,bank_statement,446537.6000000001,0,1,1,0,0,66,0,2,Low,Second-level review recommended,high_risk_type,Risk Analyst A,open,8,0,0,Low,high-risk transaction type,Review approval workflow and transaction purpose,1
CASE00234,T000623,2025-10-12,10,A010,Temporary Holding Account,Bank E,Agriculture Department,inter_fund_transfer,outflow,273890,V000623,Simulated inter fund transfer for Agriculture Department,simulated_system,bank_statement,509918.00000000006,0,1,1,0,0,70,0,2,Low,Second-level review recommended,high_risk_type,Controls Reviewer,closed,3,0,0,Low,high-risk transaction type,Review approval workflow and transaction purpose,1
CASE00235,T000109,2025-03-04,3,A010,Temporary Holding Account,Bank E,Education Department,off_budget_fund_transfer,inflow,262732,V000109,Simulated off budget fund transfer for Education Department,simulated_system,bank_statement,446537.6000000001,0,1,1,0,0,56,0,2,Low,Second-level review recommended,high_risk_type,Risk Analyst A,open,9,0,0,Low,high-risk transaction type,Review approval workflow and transaction purpose,1
CASE00236,T000182,2025-04-06,4,A005,Special Fund Account,Bank C,Health Department,off_budget_fund_transfer,inflow,258870,V000182,Simulated off budget fund transfer for Health Department,simulated_system,bank_statement,446537.6000000001,0,1,1,0,0,63,0,2,Low,Second-level review recommended,high_risk_type,Finance Operations Reviewer,open,2,0,0,Low,high-risk transaction type,Review approval workflow and transaction purpose,1
CASE00237,T000391,2025-07-11,7,A008,Health Project Fund Account,Bank D,Social Security Department,off_budget_fund_transfer,inflow,257705,V000391,Simulated off budget fund transfer for Social Security Department,simulated_system,bank_statement,446537.6000000001,0,1,1,0,0,66,0,2,Low,Second-level review recommended,high_risk_type,Risk Analyst A,closed,2,0,0,Low,high-risk transaction type,Review approval workflow and transaction purpose,1
CASE00238,T000531,2025-09-09,9,A004,Off-budget Fund Account,Bank B,Environmental Protection Department,inter_fund_transfer,inflow,251322,V000531,Simulated inter fund transfer for Environmental Protection Department,simulated_system,bank_statement,509918.00000000006,0,1,1,0,0,70,0,2,Low,Second-level review recommended,high_risk_type,Risk Analyst A,closed,5,0,0,Low,high-risk transaction type,Review approval workflow and transaction purpose,1
CASE00239,T000671,2025-11-06,11,A002,Budget Execution Payment Account,Bank A,Environmental Protection Department,off_budget_fund_transfer,inflow,250386,V000671,Simulated off budget fund transfer for Environmental Protection Department,simulated_system,bank_statement,446537.6000000001,0,1,1,0,0,70,0,2,Low,Second-level review recommended,high_risk_type,Finance Operations Reviewer,closed,5,0,0,Low,high-risk transaction type,Review approval workflow and transaction purpose,1
CASE00240,T000012,2025-01-24,1,A003,Non-tax Revenue Collection Account,Bank B,Education Department,off_budget_fund_transfer,inflow,246688,V000012,Simulated off budget fund transfer for Education Department,simulated_system,bank_statement,446537.6000000001,0,1,1,0,0,56,0,2,Low,Second-level review recommended,high_risk_type,Finance Operations Reviewer,open,6,0,0,Low,high-risk transaction type,Review approval workflow and transaction purpose,1
CASE00241,T000110,2025-03-28,3,A005,Special Fund Account,Bank C,Urban Management Department,inter_fund_transfer,outflow,244695,V000110,Simulated inter fund transfer for Urban Management Department,simulated_system,bank_statement,509918.00000000006,0,1,1,0,0,64,0,2,Low,Second-level review recommended,high_risk_type,Controls Reviewer,open,8,0,0,Low,high-risk transaction type,Review approval workflow and transaction purpose,1
CASE00242,T000079,2025-02-28,2,A008,Health Project Fund Account,Bank D,Health Department,off_budget_fund_transfer,outflow,243046,V000079,Simulated off budget fund transfer for Health Department,simulated_system,bank_statement,446537.6000000001,0,1,1,0,0,63,0,2,Low,Second-level review recommended,high_risk_type,Risk Analyst B,closed,2,0,0,Low,high-risk transaction type,Review approval workflow and transaction purpose,1
CASE00243,T000456,2025-08-21,8,A005,Special Fund Account,Bank C,Environmental Protection Department,off_budget_fund_transfer,inflow,241655,V000456,Simulated off budget fund transfer for Environmental Protection Department,simulated_system,bank_statement,446537.6000000001,0,1,1,0,0,70,0,2,Low,Second-level review recommended,high_risk_type,Controls Reviewer,open,1,0,0,Low,high-risk transaction type,Review approval workflow and transaction purpose,1
CASE00244,T000116,2025-03-20,3,A013,Year-end Settlement Account,Bank G,Emergency Management Department,inter_fund_transfer,inflow,239724,V000116,Simulated inter fund transfer for Emergency Management Department,simulated_system,bank_statement,509918.00000000006,0,1,1,0,0,70,0,2,Low,Second-level review recommended,high_risk_type,Controls Reviewer,closed,1,0,0,Low,high-risk transaction type,Review approval workflow and transaction purpose,1
CASE00245,T000104,2025-03-01,3,A006,Social Security Transfer Account,Bank C,Community Services Department,off_budget_fund_transfer,outflow,228747,V000104,Simulated off budget fund transfer for Community Services Department,simulated_system,bank_statement,446537.6000000001,0,1,1,0,0,57,0,2,Low,Second-level review recommended,high_risk_type,Risk Analyst A,closed,5,0,0,Low,high-risk transaction type,Review approval workflow and transaction purpose,1
CASE00246,T000318,2025-06-12,6,A005,Special Fund Account,Bank C,Environmental Protection Department,year_end_settlement,outflow,215639,V000318,Simulated year end settlement for Environmental Protection Department,simulated_system,bank_statement,600508.3,0,1,1,0,0,70,0,2,Low,Second-level review recommended,high_risk_type,Controls Reviewer,closed,6,0,0,Low,high-risk transaction type,Review approval workflow and transaction purpose,1
CASE00247,T000657,2025-11-28,11,A006,Social Security Transfer Account,Bank C,Social Security Department,temporary_holding,inflow,209824,V000657,Simulated temporary holding for Social Security Department,simulated_system,bank_statement,219627.5,0,1,1,0,0,66,0,2,Low,Second-level review recommended,high_risk_type,Risk Analyst B,closed,5,0,0,Low,high-risk transaction type,Review approval workflow and transaction purpose,1
CASE00248,T000420,2025-07-03,7,A007,Education Fund Account,Bank D,Social Security Department,off_budget_fund_transfer,outflow,203615,V000420,Simulated off budget fund transfer for Social Security Department,simulated_system,bank_statement,446537.6000000001,0,1,1,0,0,66,0,2,Low,Second-level review recommended,high_risk_type,Controls Reviewer,closed,3,0,0,Low,high-risk transaction type,Review approval workflow and transaction purpose,1
CASE00249,T000424,2025-07-04,7,A011,Inter-fund Transfer Account,Bank F,Urban Management Department,off_budget_fund_transfer,inflow,198065,V000424,Simulated off budget fund transfer for Urban Management Department,simulated_system,bank_statement,446537.6000000001,0,1,1,0,0,64,0,2,Low,Second-level review recommended,high_risk_type,Risk Analyst B,open,12,0,0,Low,high-risk transaction type,Review approval workflow and transaction purpose,1
CASE00250,T000596,2025-10-28,10,A002,Budget Execution Payment Account,Bank A,Agriculture Department,off_budget_fund_transfer,inflow,188058,V000596,Simulated off budget fund transfer for Agriculture Department,simulated_system,bank_statement,446537.6000000001,0,1,1,0,0,70,0,2,Low,Second-level review recommended,high_risk_type,Senior Review Officer,closed,1,0,0,Low,high-risk transaction type,Review approval workflow and transaction purpose,1
CASE00251,T000013,2025-01-23,1,A008,Health Project Fund Account,Bank D,Social Security Department,off_budget_fund_transfer,inflow,187381,V000013,Simulated off budget fund transfer for Social Security Department,simulated_system,bank_statement,446537.6000000001,0,1,1,0,0,66,0,2,Low,Second-level review recommended,high_risk_type,Controls Reviewer,closed,5,0,0,Low,high-risk transaction type,Review approval workflow and transaction purpose,1
CASE00252,T000274,2025-05-09,5,A003,Non-tax Revenue Collection Account,Bank B,Urban Management Department,year_end_settlement,inflow,186989,V000274,Simulated year end settlement for Urban Management Department,simulated_system,bank_statement,600508.3,0,1,1,0,0,64,0,2,Low,Second-level review recommended,high_risk_type,Controls Reviewer,closed,4,0,0,Low,high-risk transaction type,Review approval workflow and transaction purpose,1
CASE00253,T000193,2025-04-30,4,A008,Health Project Fund Account,Bank D,Urban Management Department,off_budget_fund_transfer,outflow,185289,V000193,Simulated off budget fund transfer for Urban Management Department,simulated_system,bank_statement,446537.6000000001,0,1,1,0,0,64,0,2,Low,Second-level review recommended,high_risk_type,Finance Operations Reviewer,closed,1,0,0,Low,high-risk transaction type,Review approval workflow and transaction purpose,1
CASE00254,T000455,2025-08-01,8,A003,Non-tax Revenue Collection Account,Bank B,Emergency Management Department,inter_fund_transfer,inflow,182696,V000455,Simulated inter fund transfer for Emergency Management Department,simulated_system,bank_statement,509918.00000000006,0,1,1,0,0,70,0,2,Low,Second-level review recommended,high_risk_type,Finance Operations Reviewer,open,5,0,0,Low,high-risk transaction type,Review approval workflow and transaction purpose,1
CASE00255,T000244,2025-05-12,5,A008,Health Project Fund Account,Bank D,Community Services Department,off_budget_fund_transfer,inflow,181165,V000244,Simulated off budget fund transfer for Community Services Department,simulated_system,bank_statement,446537.6000000001,0,1,1,0,0,57,0,2,Low,Second-level review recommended,high_risk_type,Risk Analyst A,closed,6,0,0,Low,high-risk transaction type,Review approval workflow and transaction purpose,1
CASE00256,T000045,2025-01-16,1,A013,Year-end Settlement Account,Bank G,Infrastructure Department,temporary_holding,inflow,176619,V000045,Simulated temporary holding for Infrastructure Department,simulated_system,bank_statement,219627.5,0,1,1,0,0,64,0,2,Low,Second-level review recommended,high_risk_type,Senior Review Officer,closed,4,0,0,Low,high-risk transaction type,Review approval workflow and transaction purpose,1
CASE00257,T000497,2025-08-22,8,A012,Audit Adjustment Account,Bank F,Social Security Department,temporary_holding,inflow,160145,V000497,Simulated temporary holding for Social Security Department,simulated_system,bank_statement,219627.5,0,1,1,0,0,66,0,2,Low,Second-level review recommended,high_risk_type,Risk Analyst A,closed,5,0,0,Low,high-risk transaction type,Review approval workflow and transaction purpose,1
CASE00258,T000371,2025-06-14,6,A001,Treasury Main Account,Bank A,Social Security Department,inter_fund_transfer,outflow,158261,V000371,Simulated inter fund transfer for Social Security Department,simulated_system,bank_statement,509918.00000000006,0,1,1,0,0,66,0,2,Low,Second-level review recommended,high_risk_type,Risk Analyst A,closed,4,0,0,Low,high-risk transaction type,Review approval workflow and transaction purpose,1
CASE00259,T000335,2025-06-16,6,A005,Special Fund Account,Bank C,Health Department,inter_fund_transfer,outflow,155639,V000335,Simulated inter fund transfer for Health Department,simulated_system,bank_statement,509918.00000000006,0,1,1,0,0,63,0,2,Low,Second-level review recommended,high_risk_type,Finance Operations Reviewer,closed,4,0,0,Low,high-risk transaction type,Review approval workflow and transaction purpose,1
CASE00260,T000565,2025-09-11,9,A007,Education Fund Account,Bank D,Community Services Department,inter_fund_transfer,inflow,154917,V000565,Simulated inter fund transfer for Community Services Department,simulated_system,bank_statement,509918.00000000006,0,1,1,0,0,57,0,2,Low,Second-level review recommended,high_risk_type,Controls Reviewer,closed,2,0,0,Low,high-risk transaction type,Review approval workflow and transaction purpose,1
CASE00261,T000118,2025-03-15,3,A008,Health Project Fund Account,Bank D,Community Services Department,temporary_holding,inflow,154701,V000118,Simulated temporary holding for Community Services Department,simulated_system,bank_statement,219627.5,0,1,1,0,0,57,0,2,Low,Second-level review recommended,high_risk_type,Controls Reviewer,open,3,0,0,Low,high-risk transaction type,Review approval workflow and transaction purpose,1
CASE00262,T000486,2025-08-14,8,A010,Temporary Holding Account,Bank E,Environmental Protection Department,off_budget_fund_transfer,inflow,151544,V000486,Simulated off budget fund transfer for Environmental Protection Department,simulated_system,bank_statement,446537.6000000001,0,1,1,0,0,70,0,2,Low,Second-level review recommended,high_risk_type,Senior Review Officer,closed,7,0,0,Low,high-risk transaction type,Review approval workflow and transaction purpose,1
CASE00263,T000232,2025-05-22,5,A010,Temporary Holding Account,Bank E,Social Security Department,off_budget_fund_transfer,outflow,150263,V000232,Simulated off budget fund transfer for Social Security Department,simulated_system,bank_statement,446537.6000000001,0,1,1,0,0,66,0,2,Low,Second-level review recommended,high_risk_type,Finance Operations Reviewer,open,11,0,0,Low,high-risk transaction type,Review approval workflow and transaction purpose,1
CASE00264,T000547,2025-09-02,9,A006,Social Security Transfer Account,Bank C,Social Security Department,temporary_holding,inflow,149876,V000547,Simulated temporary holding for Social Security Department,simulated_system,bank_statement,219627.5,0,1,1,0,0,66,0,2,Low,Second-level review recommended,high_risk_type,Risk Analyst B,closed,4,0,0,Low,high-risk transaction type,Review approval workflow and transaction purpose,1
CASE00265,T000056,2025-02-03,2,A004,Off-budget Fund Account,Bank B,Social Security Department,temporary_holding,inflow,137600,V000056,Simulated temporary holding for Social Security Department,simulated_system,bank_statement,219627.5,0,1,1,0,0,66,0,2,Low,Second-level review recommended,high_risk_type,Risk Analyst B,closed,1,0,0,Low,high-risk transaction type,Review approval workflow and transaction purpose,1
CASE00266,T000603,2025-10-22,10,A011,Inter-fund Transfer Account,Bank F,Emergency Management Department,inter_fund_transfer,outflow,137399,V000603,Simulated inter fund transfer for Emergency Management Department,simulated_system,bank_statement,509918.00000000006,0,1,1,0,0,70,0,2,Low,Second-level review recommended,high_risk_type,Senior Review Officer,closed,6,0,0,Low,high-risk transaction type,Review approval workflow and transaction purpose,1
CASE00267,T000444,2025-08-02,8,A011,Inter-fund Transfer Account,Bank F,Education Department,temporary_holding,inflow,136082,V000444,Simulated temporary holding for Education Department,simulated_system,bank_statement,219627.5,0,1,1,0,0,56,0,2,Low,Second-level review recommended,high_risk_type,Controls Reviewer,closed,6,0,0,Low,high-risk transaction type,Review approval workflow and transaction purpose,1
CASE00268,T000401,2025-07-30,7,A012,Audit Adjustment Account,Bank F,Education Department,temporary_holding,inflow,135180,V000401,Simulated temporary holding for Education Department,simulated_system,bank_statement,219627.5,0,1,1,0,0,56,0,2,Low,Second-level review recommended,high_risk_type,Risk Analyst A,closed,6,0,0,Low,high-risk transaction type,Review approval workflow and transaction purpose,1
CASE00269,T000255,2025-05-21,5,A012,Audit Adjustment Account,Bank F,Infrastructure Department,off_budget_fund_transfer,outflow,130755,V000255,Simulated off budget fund transfer for Infrastructure Department,simulated_system,bank_statement,446537.6000000001,0,1,1,0,0,64,0,2,Low,Second-level review recommended,high_risk_type,Senior Review Officer,closed,5,0,0,Low,high-risk transaction type,Review approval workflow and transaction purpose,1
CASE00270,T000416,2025-07-06,7,A007,Education Fund Account,Bank D,Environmental Protection Department,temporary_holding,inflow,128680,V000416,Simulated temporary holding for Environmental Protection Department,simulated_system,bank_statement,219627.5,0,1,1,0,0,70,0,2,Low,Second-level review recommended,high_risk_type,Controls Reviewer,open,3,0,0,Low,high-risk transaction type,Review approval workflow and transaction purpose,1
CASE00271,T000208,2025-04-30,4,A007,Education Fund Account,Bank D,Emergency Management Department,temporary_holding,inflow,126656,V000208,Simulated temporary holding for Emergency Management Department,simulated_system,bank_statement,219627.5,0,1,1,0,0,70,0,2,Low,Second-level review recommended,high_risk_type,Finance Operations Reviewer,closed,3,0,0,Low,high-risk transaction type,Review approval workflow and transaction purpose,1
CASE00272,T000545,2025-09-17,9,A012,Audit Adjustment Account,Bank F,Education Department,off_budget_fund_transfer,outflow,125310,V000545,Simulated off budget fund transfer for Education Department,simulated_system,bank_statement,446537.6000000001,0,1,1,0,0,56,0,2,Low,Second-level review recommended,high_risk_type,Risk Analyst A,open,3,0,0,Low,high-risk transaction type,Review approval workflow and transaction purpose,1
CASE00273,T000083,2025-02-02,2,A009,Infrastructure Payment Account,Bank E,Urban Management Department,temporary_holding,inflow,121496,V000083,Simulated temporary holding for Urban Management Department,simulated_system,bank_statement,219627.5,0,1,1,0,0,64,0,2,Low,Second-level review recommended,high_risk_type,Risk Analyst A,open,11,0,0,Low,high-risk transaction type,Review approval workflow and transaction purpose,1
CASE00274,T000094,2025-02-24,2,A001,Treasury Main Account,Bank A,Infrastructure Department,off_budget_fund_transfer,outflow,119613,V000094,Simulated off budget fund transfer for Infrastructure Department,simulated_system,bank_statement,446537.6000000001,0,1,1,0,0,64,0,2,Low,Second-level review recommended,high_risk_type,Risk Analyst B,closed,5,0,0,Low,high-risk transaction type,Review approval workflow and transaction purpose,1
CASE00275,T000636,2025-10-01,10,A002,Budget Execution Payment Account,Bank A,Health Department,off_budget_fund_transfer,outflow,118207,V000636,Simulated off budget fund transfer for Health Department,simulated_system,bank_statement,446537.6000000001,0,1,1,0,0,63,0,2,Low,Second-level review recommended,high_risk_type,Finance Operations Reviewer,closed,2,0,0,Low,high-risk transaction type,Review approval workflow and transaction purpose,1
CASE00276,T000331,2025-06-21,6,A013,Year-end Settlement Account,Bank G,Urban Management Department,temporary_holding,inflow,117228,V000331,Simulated temporary holding for Urban Management Department,simulated_system,bank_statement,219627.5,0,1,1,0,0,64,0,2,Low,Second-level review recommended,high_risk_type,Risk Analyst B,closed,6,0,0,Low,high-risk transaction type,Review approval workflow and transaction purpose,1
CASE00277,T000546,2025-09-13,9,A008,Health Project Fund Account,Bank D,Health Department,temporary_holding,inflow,113863,V000546,Simulated temporary holding for Health Department,simulated_system,bank_statement,219627.5,0,1,1,0,0,63,0,2,Low,Second-level review recommended,high_risk_type,Risk Analyst B,closed,6,0,0,Low,high-risk transaction type,Review approval workflow and transaction purpose,1
CASE00278,T000626,2025-10-30,10,A004,Off-budget Fund Account,Bank B,Agriculture Department,temporary_holding,inflow,112153,V000626,Simulated temporary holding for Agriculture Department,simulated_system,bank_statement,219627.5,0,1,1,0,0,70,0,2,Low,Second-level review recommended,high_risk_type,Finance Operations Reviewer,closed,2,0,0,Low,high-risk transaction type,Review approval workflow and transaction purpose,1
CASE00279,T000341,2025-06-26,6,A011,Inter-fund Transfer Account,Bank F,Urban Management Department,temporary_holding,inflow,110356,V000341,Simulated temporary holding for Urban Management Department,simulated_system,bank_statement,219627.5,0,1,1,0,0,64,0,2,Low,Second-level review recommended,high_risk_type,Risk Analyst A,closed,5,0,0,Low,high-risk transaction type,Review approval workflow and transaction purpose,1
CASE00280,T000306,2025-06-08,6,A011,Inter-fund Transfer Account,Bank F,Agriculture Department,off_budget_fund_transfer,outflow,108278,V000306,Simulated off budget fund transfer for Agriculture Department,simulated_system,bank_statement,446537.6000000001,0,1,1,0,0,70,0,2,Low,Second-level review recommended,high_risk_type,Risk Analyst A,open,11,0,0,Low,high-risk transaction type,Review approval workflow and transaction purpose,1
CASE00281,T000670,2025-11-14,11,A009,Infrastructure Payment Account,Bank E,Health Department,temporary_holding,inflow,106496,V000670,Simulated temporary holding for Health Department,simulated_system,bank_statement,219627.5,0,1,1,0,0,63,0,2,Low,Second-level review recommended,high_risk_type,Risk Analyst A,closed,5,0,0,Low,high-risk transaction type,Review approval workflow and transaction purpose,1
CASE00282,T000171,2025-04-27,4,A007,Education Fund Account,Bank D,Community Services Department,inter_fund_transfer,outflow,100102,V000171,Simulated inter fund transfer for Community Services Department,simulated_system,bank_statement,509918.00000000006,0,1,1,0,0,57,0,2,Low,Second-level review recommended,high_risk_type,Controls Reviewer,open,7,0,0,Low,high-risk transaction type,Review approval workflow and transaction purpose,1
CASE00283,T000521,2025-09-30,9,A005,Special Fund Account,Bank C,Emergency Management Department,audit_adjustment,outflow,97881,V000521,Simulated audit adjustment for Emergency Management Department,simulated_system,bank_statement,100457.6,0,1,1,0,0,70,0,2,Low,Second-level review recommended,high_risk_type,Risk Analyst B,closed,6,0,0,Low,high-risk transaction type,Review approval workflow and transaction purpose,1
CASE00284,T000653,2025-11-11,11,A011,Inter-fund Transfer Account,Bank F,Emergency Management Department,audit_adjustment,inflow,97213,V000653,Simulated audit adjustment for Emergency Management Department,simulated_system,bank_statement,100457.6,0,1,1,0,0,70,0,2,Low,Second-level review recommended,high_risk_type,Risk Analyst A,closed,3,0,0,Low,high-risk transaction type,Review approval workflow and transaction purpose,1
CASE00285,T000357,2025-06-17,6,A003,Non-tax Revenue Collection Account,Bank B,Infrastructure Department,audit_adjustment,inflow,91895,V000357,Simulated audit adjustment for Infrastructure Department,simulated_system,bank_statement,100457.6,0,1,1,0,0,64,0,2,Low,Second-level review recommended,high_risk_type,Risk Analyst A,closed,3,0,0,Low,high-risk transaction type,Review approval workflow and transaction purpose,1
CASE00286,T000648,2025-11-23,11,A004,Off-budget Fund Account,Bank B,Social Security Department,temporary_holding,inflow,90770,V000648,Simulated temporary holding for Social Security Department,simulated_system,bank_statement,219627.5,0,1,1,0,0,66,0,2,Low,Second-level review recommended,high_risk_type,Risk Analyst B,open,7,0,0,Low,high-risk transaction type,Review approval workflow and transaction purpose,1
CASE00287,T000087,2025-02-26,2,A007,Education Fund Account,Bank D,Health Department,audit_adjustment,inflow,90563,V000087,Simulated audit adjustment for Health Department,simulated_system,bank_statement,100457.6,0,1,1,0,0,63,0,2,Low,Second-level review recommended,high_risk_type,Risk Analyst B,closed,4,0,0,Low,high-risk transaction type,Review approval workflow and transaction purpose,1
CASE00288,T000649,2025-11-07,11,A007,Education Fund Account,Bank D,Infrastructure Department,audit_adjustment,inflow,83806,V000649,Simulated audit adjustment for Infrastructure Department,simulated_system,bank_statement,100457.6,0,1,1,0,0,64,0,2,Low,Second-level review recommended,high_risk_type,Finance Operations Reviewer,closed,6,0,0,Low,high-risk transaction type,Review approval workflow and transaction purpose,1
CASE00289,T000080,2025-02-19,2,A006,Social Security Transfer Account,Bank C,Education Department,temporary_holding,inflow,82258,V000080,Simulated temporary holding for Education Department,simulated_system,bank_statement,219627.5,0,1,1,0,0,56,0,2,Low,Second-level review recommended,high_risk_type,Risk Analyst B,closed,6,0,0,Low,high-risk transaction type,Review approval workflow and transaction purpose,1
CASE00290,T000511,2025-09-01,9,A003,Non-tax Revenue Collection Account,Bank B,Education Department,off_budget_fund_transfer,outflow,80387,V000511,Simulated off budget fund transfer for Education Department,simulated_system,bank_statement,446537.6000000001,0,1,1,0,0,56,0,2,Low,Second-level review recommended,high_risk_type,Senior Review Officer,closed,5,0,0,Low,high-risk transaction type,Review approval workflow and transaction purpose,1
CASE00291,T000132,2025-03-16,3,A005,Special Fund Account,Bank C,Urban Management Department,audit_adjustment,outflow,80134,V000132,Simulated audit adjustment for Urban Management Department,simulated_system,bank_statement,100457.6,0,1,1,0,0,64,0,2,Low,Second-level review recommended,high_risk_type,Risk Analyst B,closed,1,0,0,Low,high-risk transaction type,Review approval workflow and transaction purpose,1
CASE00292,T000606,2025-10-12,10,A012,Audit Adjustment Account,Bank F,Emergency Management Department,off_budget_fund_transfer,inflow,79297,V000606,Simulated off budget fund transfer for Emergency Management Department,simulated_system,bank_statement,446537.6000000001,0,1,1,0,0,70,0,2,Low,Second-level review recommended,high_risk_type,Finance Operations Reviewer,open,9,0,0,Low,high-risk transaction type,Review approval workflow and transaction purpose,1
CASE00293,T000631,2025-10-01,10,A007,Education Fund Account,Bank D,Community Services Department,audit_adjustment,inflow,73302,V000631,Simulated audit adjustment for Community Services Department,simulated_system,bank_statement,100457.6,0,1,1,0,0,57,0,2,Low,Second-level review recommended,high_risk_type,Risk Analyst B,closed,1,0,0,Low,high-risk transaction type,Review approval workflow and transaction purpose,1
CASE00294,T000287,2025-06-19,6,A011,Inter-fund Transfer Account,Bank F,Infrastructure Department,temporary_holding,inflow,73059,V000287,Simulated temporary holding for Infrastructure Department,simulated_system,bank_statement,219627.5,0,1,1,0,0,64,0,2,Low,Second-level review recommended,high_risk_type,Controls Reviewer,closed,3,0,0,Low,high-risk transaction type,Review approval workflow and transaction purpose,1
CASE00295,T000533,2025-09-06,9,A011,Inter-fund Transfer Account,Bank F,Infrastructure Department,audit_adjustment,outflow,71434,V000533,Simulated audit adjustment for Infrastructure Department,simulated_system,bank_statement,100457.6,0,1,1,0,0,64,0,2,Low,Second-level review recommended,high_risk_type,Controls Reviewer,closed,2,0,0,Low,high-risk transaction type,Review approval workflow and transaction purpose,1
CASE00296,T000513,2025-09-11,9,A006,Social Security Transfer Account,Bank C,Urban Management Department,inter_fund_transfer,outflow,70755,V000513,Simulated inter fund transfer for Urban Management Department,simulated_system,bank_statement,509918.00000000006,0,1,1,0,0,64,0,2,Low,Second-level review recommended,high_risk_type,Risk Analyst B,closed,2,0,0,Low,high-risk transaction type,Review approval workflow and transaction purpose,1
CASE00297,T000619,2025-10-08,10,A012,Audit Adjustment Account,Bank F,Community Services Department,off_budget_fund_transfer,outflow,70088,V000619,Simulated off budget fund transfer for Community Services Department,simulated_system,bank_statement,446537.6000000001,0,1,1,0,0,57,0,2,Low,Second-level review recommended,high_risk_type,Senior Review Officer,closed,1,0,0,Low,high-risk transaction type,Review approval workflow and transaction purpose,1
CASE00298,T000389,2025-07-10,7,A001,Treasury Main Account,Bank A,Urban Management Department,audit_adjustment,outflow,68616,V000389,Simulated audit adjustment for Urban Management Department,simulated_system,bank_statement,100457.6,0,1,1,0,0,64,0,2,Low,Second-level review recommended,high_risk_type,Finance Operations Reviewer,open,8,0,0,Low,high-risk transaction type,Review approval workflow and transaction purpose,1
CASE00299,T000384,2025-07-07,7,A001,Treasury Main Account,Bank A,Agriculture Department,temporary_holding,inflow,66809,V000384,Simulated temporary holding for Agriculture Department,simulated_system,bank_statement,219627.5,0,1,1,0,0,70,0,2,Low,Second-level review recommended,high_risk_type,Finance Operations Reviewer,closed,1,0,0,Low,high-risk transaction type,Review approval workflow and transaction purpose,1
CASE00300,T000052,2025-02-17,2,A005,Special Fund Account,Bank C,Emergency Management Department,temporary_holding,inflow,65479,V000052,Simulated temporary holding for Emergency Management Department,simulated_system,bank_statement,219627.5,0,1,1,0,0,70,0,2,Low,Second-level review recommended,high_risk_type,Risk Analyst A,closed,6,0,0,Low,high-risk transaction type,Review approval workflow and transaction purpose,1
CASE00301,T000685,2025-11-16,11,A011,Inter-fund Transfer Account,Bank F,Agriculture Department,audit_adjustment,outflow,63694,V000685,Simulated audit adjustment for Agriculture Department,simulated_system,bank_statement,100457.6,0,1,1,0,0,70,0,2,Low,Second-level review recommended,high_risk_type,Risk Analyst A,open,12,0,0,Low,high-risk transaction type,Review approval workflow and transaction purpose,1
CASE00302,T000166,2025-03-28,3,A012,Audit Adjustment Account,Bank F,Health Department,audit_adjustment,outflow,61703,V000166,Simulated audit adjustment for Health Department,simulated_system,bank_statement,100457.6,0,1,1,0,0,63,0,2,Low,Second-level review recommended,high_risk_type,Senior Review Officer,open,11,0,0,Low,high-risk transaction type,Review approval workflow and transaction purpose,1
CASE00303,T000280,2025-05-04,5,A007,Education Fund Account,Bank D,Community Services Department,audit_adjustment,inflow,61686,V000280,Simulated audit adjustment for Community Services Department,simulated_system,bank_statement,100457.6,0,1,1,0,0,57,0,2,Low,Second-level review recommended,high_risk_type,Risk Analyst B,open,9,0,0,Low,high-risk transaction type,Review approval workflow and transaction purpose,1
CASE00304,T000680,2025-11-08,11,A005,Special Fund Account,Bank C,Education Department,audit_adjustment,inflow,57035,V000680,Simulated audit adjustment for Education Department,simulated_system,bank_statement,100457.6,0,1,1,0,0,56,0,2,Low,Second-level review recommended,high_risk_type,Controls Reviewer,open,10,0,0,Low,high-risk transaction type,Review approval workflow and transaction purpose,1
CASE00305,T000397,2025-07-18,7,A008,Health Project Fund Account,Bank D,Community Services Department,audit_adjustment,inflow,51971,V000397,Simulated audit adjustment for Community Services Department,simulated_system,bank_statement,100457.6,0,1,1,0,0,57,0,2,Low,Second-level review recommended,high_risk_type,Finance Operations Reviewer,open,8,0,0,Low,high-risk transaction type,Review approval workflow and transaction purpose,1
CASE00306,T000123,2025-03-18,3,A001,Treasury Main Account,Bank A,Environmental Protection Department,audit_adjustment,inflow,49364,V000123,Simulated audit adjustment for Environmental Protection Department,simulated_system,bank_statement,100457.6,0,1,1,0,0,70,0,2,Low,Second-level review recommended,high_risk_type,Risk Analyst B,open,7,0,0,Low,high-risk transaction type,Review approval workflow and transaction purpose,1
CASE00307,T000496,2025-08-25,8,A011,Inter-fund Transfer Account,Bank F,Health Department,audit_adjustment,inflow,44539,V000496,Simulated audit adjustment for Health Department,simulated_system,bank_statement,100457.6,0,1,1,0,0,63,0,2,Low,Second-level review recommended,high_risk_type,Controls Reviewer,closed,2,0,0,Low,high-risk transaction type,Review approval workflow and transaction purpose,1
CASE00308,T000253,2025-05-04,5,A006,Social Security Transfer Account,Bank C,Urban Management Department,inter_fund_transfer,outflow,42601,V000253,Simulated inter fund transfer for Urban Management Department,simulated_system,bank_statement,509918.00000000006,0,1,1,0,0,64,0,2,Low,Second-level review recommended,high_risk_type,Risk Analyst A,open,9,0,0,Low,high-risk transaction type,Review approval workflow and transaction purpose,1
CASE00309,T000030,2025-01-10,1,A006,Social Security Transfer Account,Bank C,Emergency Management Department,audit_adjustment,outflow,41158,V000030,Simulated audit adjustment for Emergency Management Department,simulated_system,bank_statement,100457.6,0,1,1,0,0,70,0,2,Low,Second-level review recommended,high_risk_type,Controls Reviewer,closed,1,0,0,Low,high-risk transaction type,Review approval workflow and transaction purpose,1
CASE00310,T000268,2025-05-14,5,A007,Education Fund Account,Bank D,Health Department,temporary_holding,inflow,36400,V000268,Simulated temporary holding for Health Department,simulated_system,bank_statement,219627.5,0,1,1,0,0,63,0,2,Low,Second-level review recommended,high_risk_type,Senior Review Officer,closed,6,0,0,Low,high-risk transaction type,Review approval workflow and transaction purpose,1
CASE00311,T000458,2025-08-01,8,A008,Health Project Fund Account,Bank D,Urban Management Department,audit_adjustment,inflow,32406,V000458,Simulated audit adjustment for Urban Management Department,simulated_system,bank_statement,100457.6,0,1,1,0,0,64,0,2,Low,Second-level review recommended,high_risk_type,Senior Review Officer,closed,7,0,0,Low,high-risk transaction type,Review approval workflow and transaction purpose,1
CASE00312,T000223,2025-04-05,4,A008,Health Project Fund Account,Bank D,Education Department,temporary_holding,inflow,26859,V000223,Simulated temporary holding for Education Department,simulated_system,bank_statement,219627.5,0,1,1,0,0,56,0,2,Low,Second-level review recommended,high_risk_type,Risk Analyst A,open,11,0,0,Low,high-risk transaction type,Review approval workflow and transaction purpose,1
CASE00313,T000410,2025-07-25,7,A003,Non-tax Revenue Collection Account,Bank B,Social Security Department,audit_adjustment,inflow,25162,V000410,Simulated audit adjustment for Social Security Department,simulated_system,bank_statement,100457.6,0,1,1,0,0,66,0,2,Low,Second-level review recommended,high_risk_type,Risk Analyst A,closed,6,0,0,Low,high-risk transaction type,Review approval workflow and transaction purpose,1
CASE00314,T000240,2025-05-28,5,A003,Non-tax Revenue Collection Account,Bank B,Agriculture Department,audit_adjustment,inflow,24554,V000240,Simulated audit adjustment for Agriculture Department,simulated_system,bank_statement,100457.6,0,1,1,0,0,70,0,2,Low,Second-level review recommended,high_risk_type,Risk Analyst A,closed,4,0,0,Low,high-risk transaction type,Review approval workflow and transaction purpose,1
CASE00315,T000286,2025-05-06,5,A002,Budget Execution Payment Account,Bank A,Health Department,temporary_holding,inflow,23261,V000286,Simulated temporary holding for Health Department,simulated_system,bank_statement,219627.5,0,1,1,0,0,63,0,2,Low,Second-level review recommended,high_risk_type,Finance Operations Reviewer,closed,3,0,0,Low,high-risk transaction type,Review approval workflow and transaction purpose,1
CASE00316,T000498,2025-09-21,9,A010,Temporary Holding Account,Bank E,Urban Management Department,temporary_holding,inflow,19589,V000498,Simulated temporary holding for Urban Management Department,simulated_system,bank_statement,219627.5,0,1,1,0,0,64,0,2,Low,Second-level review recommended,high_risk_type,Risk Analyst A,open,13,0,0,Low,high-risk transaction type,Review approval workflow and transaction purpose,1
CASE00317,T000091,2025-02-17,2,A010,Temporary Holding Account,Bank E,Emergency Management Department,temporary_holding,inflow,16960,V000091,Simulated temporary holding for Emergency Management Department,simulated_system,bank_statement,219627.5,0,1,1,0,0,70,0,2,Low,Second-level review recommended,high_risk_type,Finance Operations Reviewer,open,7,0,0,Low,high-risk transaction type,Review approval workflow and transaction purpose,1
CASE00318,T000607,2025-10-17,10,A002,Budget Execution Payment Account,Bank A,Emergency Management Department,temporary_holding,inflow,13196,V000607,Simulated temporary holding for Emergency Management Department,simulated_system,bank_statement,219627.5,0,1,1,0,0,70,0,2,Low,Second-level review recommended,high_risk_type,Senior Review Officer,closed,1,0,0,Low,high-risk transaction type,Review approval workflow and transaction purpose,1
CASE00319,T000037,2025-01-13,1,A002,Budget Execution Payment Account,Bank A,Urban Management Department,temporary_holding,inflow,11062,V000037,Simulated temporary holding for Urban Management Department,simulated_system,bank_statement,219627.5,0,1,1,0,0,64,0,2,Low,Second-level review recommended,high_risk_type,Risk Analyst A,open,2,0,0,Low,high-risk transaction type,Review approval workflow and transaction purpose,1
CASE00320,T000296,2025-06-29,6,A010,Temporary Holding Account,Bank E,Infrastructure Department,temporary_holding,inflow,10717,V000296,Simulated temporary holding for Infrastructure Department,simulated_system,bank_statement,219627.5,0,1,1,0,0,64,0,2,Low,Second-level review recommended,high_risk_type,Risk Analyst A,closed,3,0,0,Low,high-risk transaction type,Review approval workflow and transaction purpose,1
CASE00321,T000535,2025-09-03,9,A013,Year-end Settlement Account,Bank G,Agriculture Department,temporary_holding,inflow,10028,V000535,Simulated temporary holding for Agriculture Department,simulated_system,bank_statement,219627.5,0,1,1,0,0,70,0,2,Low,Second-level review recommended,high_risk_type,Finance Operations Reviewer,closed,6,0,0,Low,high-risk transaction type,Review approval workflow and transaction purpose,1
CASE00322,T000075,2025-02-02,2,A006,Social Security Transfer Account,Bank C,Community Services Department,audit_adjustment,outflow,9666,V000075,Simulated audit adjustment for Community Services Department,simulated_system,bank_statement,100457.6,0,1,1,0,0,57,0,2,Low,Second-level review recommended,high_risk_type,Risk Analyst B,open,3,0,0,Low,high-risk transaction type,Review approval workflow and transaction purpose,1
CASE00323,T000136,2025-03-12,3,A007,Education Fund Account,Bank D,Urban Management Department,audit_adjustment,outflow,5760,V000136,Simulated audit adjustment for Urban Management Department,simulated_system,bank_statement,100457.6,0,1,1,0,0,64,0,2,Low,Second-level review recommended,high_risk_type,Finance Operations Reviewer,closed,1,0,0,Low,high-risk transaction type,Review approval workflow and transaction purpose,1
CASE00324,T000151,2025-03-28,3,A012,Audit Adjustment Account,Bank F,Urban Management Department,audit_adjustment,outflow,5437,V000151,Simulated audit adjustment for Urban Management Department,simulated_system,bank_statement,100457.6,0,1,1,0,0,64,0,2,Low,Second-level review recommended,high_risk_type,Risk Analyst B,closed,5,0,0,Low,high-risk transaction type,Review approval workflow and transaction purpose,1
CASE00325,T000472,2025-08-03,8,A006,Social Security Transfer Account,Bank C,Agriculture Department,audit_adjustment,inflow,4491,V000472,Simulated audit adjustment for Agriculture Department,simulated_system,bank_statement,100457.6,0,1,1,0,0,70,0,2,Low,Second-level review recommended,high_risk_type,Risk Analyst B,closed,6,0,0,Low,high-risk transaction type,Review approval workflow and transaction purpose,1
