transaction_id,date,month,account_id,account_name,bank_name,department,transaction_type,direction,amount,voucher_id,description,created_by,data_source,type_amount_90th_percentile,large_amount_flag,high_risk_type_flag,duplicate_group_count,duplicate_pattern_flag,year_end_flag,department_transaction_count,department_risk_flag,risk_score,risk_level,recommended_action,risk_flag_summary
T000014,2025-01-01,1,A003,Non-tax Revenue Collection Account,Bank B,Finance Bureau Internal Unit,temporary_holding,inflow,32671,V000014,Simulated temporary holding for Finance Bureau Internal Unit,simulated_system,bank_statement,219627.5,0,1,1,0,0,77,1,3,Medium,Second-level review recommended,high_risk_type; high_activity_department
T000022,2025-01-01,1,A002,Budget Execution Payment Account,Bank A,Infrastructure Department,non_tax_revenue_collection,inflow,11102,V000022,Simulated non tax revenue collection for Infrastructure Department,simulated_system,bank_statement,163417.0,0,0,1,0,0,64,0,0,Low,Routine monitoring,no_major_flag
T000043,2025-01-01,1,A012,Audit Adjustment Account,Bank F,Urban Management Department,refund,inflow,54638,V000043,Simulated refund for Urban Management Department,simulated_system,bank_statement,70230.0,0,0,1,0,0,64,0,0,Low,Routine monitoring,no_major_flag
T000032,2025-01-02,1,A006,Social Security Transfer Account,Bank C,Infrastructure Department,budget_execution_payment,outflow,285517,V000032,Simulated budget execution payment for Infrastructure Department,simulated_system,bank_statement,316246.60000000003,0,0,1,0,0,64,0,0,Low,Routine monitoring,no_major_flag
T000047,2025-01-02,1,A004,Off-budget Fund Account,Bank B,Finance Bureau Internal Unit,project_fund_payment,outflow,201456,V000047,Simulated project fund payment for Finance Bureau Internal Unit,simulated_system,bank_statement,748920.0,0,0,1,0,0,77,1,1,Low,Routine monitoring,high_activity_department
T000006,2025-01-03,1,A002,Budget Execution Payment Account,Bank A,Infrastructure Department,budget_execution_payment,outflow,184231,V000006,Simulated budget execution payment for Infrastructure Department,simulated_system,bank_statement,316246.60000000003,0,0,1,0,0,64,0,0,Low,Routine monitoring,no_major_flag
T000021,2025-01-03,1,A008,Health Project Fund Account,Bank D,Transport Department,budget_execution_payment,outflow,325669,V000021,Simulated budget execution payment for Transport Department,simulated_system,bank_statement,316246.60000000003,1,0,1,0,0,74,1,4,Medium,Review transaction amount and supporting documents,large_amount; high_activity_department
T000034,2025-01-03,1,A007,Education Fund Account,Bank D,Social Security Department,project_fund_payment,outflow,164352,V000034,Simulated project fund payment for Social Security Department,simulated_system,bank_statement,748920.0,0,0,1,0,0,66,0,0,Low,Routine monitoring,no_major_flag
T000029,2025-01-05,1,A011,Inter-fund Transfer Account,Bank F,Education Department,non_tax_revenue_collection,inflow,14435,V000029,Simulated non tax revenue collection for Education Department,simulated_system,bank_statement,163417.0,0,0,1,0,0,56,0,0,Low,Routine monitoring,no_major_flag
T000048,2025-01-05,1,A008,Health Project Fund Account,Bank D,Emergency Management Department,project_fund_payment,outflow,250244,V000048,Simulated project fund payment for Emergency Management Department,simulated_system,bank_statement,748920.0,0,0,1,0,0,70,0,0,Low,Routine monitoring,no_major_flag
T000004,2025-01-06,1,A009,Infrastructure Payment Account,Bank E,Agriculture Department,refund,inflow,68557,V000004,Simulated refund for Agriculture Department,simulated_system,bank_statement,70230.0,0,0,1,0,0,70,0,0,Low,Routine monitoring,no_major_flag
T000026,2025-01-06,1,A008,Health Project Fund Account,Bank D,Social Security Department,budget_execution_payment,outflow,107235,V000026,Simulated budget execution payment for Social Security Department,simulated_system,bank_statement,316246.60000000003,0,0,1,0,0,66,0,0,Low,Routine monitoring,no_major_flag
T000009,2025-01-07,1,A002,Budget Execution Payment Account,Bank A,Community Services Department,off_budget_fund_transfer,inflow,479036,V000009,Simulated off budget fund transfer for Community Services Department,simulated_system,bank_statement,446537.6000000001,1,1,1,0,0,57,0,5,Medium,Review transaction amount and supporting documents,large_amount; high_risk_type
T000015,2025-01-07,1,A013,Year-end Settlement Account,Bank G,Social Security Department,budget_execution_payment,outflow,153983,V000015,Simulated budget execution payment for Social Security Department,simulated_system,bank_statement,316246.60000000003,0,0,1,0,0,66,0,0,Low,Routine monitoring,no_major_flag
T000016,2025-01-07,1,A006,Social Security Transfer Account,Bank C,Transport Department,audit_adjustment,outflow,31306,V000016,Simulated audit adjustment for Transport Department,simulated_system,bank_statement,100457.59999999999,0,1,1,0,0,74,1,3,Medium,Second-level review recommended,high_risk_type; high_activity_department
T000024,2025-01-08,1,A006,Social Security Transfer Account,Bank C,Transport Department,project_fund_payment,outflow,314512,V000024,Simulated project fund payment for Transport Department,simulated_system,bank_statement,748920.0,0,0,1,0,0,74,1,1,Low,Routine monitoring,high_activity_department
T000028,2025-01-08,1,A013,Year-end Settlement Account,Bank G,Urban Management Department,project_fund_payment,outflow,70056,V000028,Simulated project fund payment for Urban Management Department,simulated_system,bank_statement,748920.0,0,0,1,0,0,64,0,0,Low,Routine monitoring,no_major_flag
T000044,2025-01-08,1,A008,Health Project Fund Account,Bank D,Emergency Management Department,budget_execution_payment,outflow,343673,V000044,Simulated budget execution payment for Emergency Management Department,simulated_system,bank_statement,316246.60000000003,1,0,1,0,0,70,0,3,Medium,Review transaction amount and supporting documents,large_amount
T000030,2025-01-10,1,A006,Social Security Transfer Account,Bank C,Emergency Management Department,audit_adjustment,outflow,41158,V000030,Simulated audit adjustment for Emergency Management Department,simulated_system,bank_statement,100457.59999999999,0,1,1,0,0,70,0,2,Low,Second-level review recommended,high_risk_type
T000011,2025-01-12,1,A008,Health Project Fund Account,Bank D,Environmental Protection Department,refund,inflow,15545,V000011,Simulated refund for Environmental Protection Department,simulated_system,bank_statement,70230.0,0,0,1,0,0,70,0,0,Low,Routine monitoring,no_major_flag
T000037,2025-01-13,1,A002,Budget Execution Payment Account,Bank A,Urban Management Department,temporary_holding,inflow,11062,V000037,Simulated temporary holding for Urban Management Department,simulated_system,bank_statement,219627.5,0,1,1,0,0,64,0,2,Low,Second-level review recommended,high_risk_type
T000041,2025-01-13,1,A011,Inter-fund Transfer Account,Bank F,Transport Department,project_fund_payment,outflow,613586,V000041,Simulated project fund payment for Transport Department,simulated_system,bank_statement,748920.0,0,0,1,0,0,74,1,1,Low,Routine monitoring,high_activity_department
T000036,2025-01-14,1,A010,Temporary Holding Account,Bank E,Social Security Department,non_tax_revenue_collection,inflow,64163,V000036,Simulated non tax revenue collection for Social Security Department,simulated_system,bank_statement,163417.0,0,0,1,0,0,66,0,0,Low,Routine monitoring,no_major_flag
T000018,2025-01-16,1,A005,Special Fund Account,Bank C,Finance Bureau Internal Unit,project_fund_payment,outflow,753714,V000018,Simulated project fund payment for Finance Bureau Internal Unit,simulated_system,bank_statement,748920.0,1,0,1,0,0,77,1,4,Medium,Review transaction amount and supporting documents,large_amount; high_activity_department
T000039,2025-01-16,1,A005,Special Fund Account,Bank C,Education Department,budget_execution_payment,outflow,48295,V000039,Simulated budget execution payment for Education Department,simulated_system,bank_statement,316246.60000000003,0,0,1,0,0,56,0,0,Low,Routine monitoring,no_major_flag
T000042,2025-01-16,1,A003,Non-tax Revenue Collection Account,Bank B,Agriculture Department,project_fund_payment,outflow,178148,V000042,Simulated project fund payment for Agriculture Department,simulated_system,bank_statement,748920.0,0,0,1,0,0,70,0,0,Low,Routine monitoring,no_major_flag
T000045,2025-01-16,1,A013,Year-end Settlement Account,Bank G,Infrastructure Department,temporary_holding,inflow,176619,V000045,Simulated temporary holding for Infrastructure Department,simulated_system,bank_statement,219627.5,0,1,1,0,0,64,0,2,Low,Second-level review recommended,high_risk_type
T000017,2025-01-19,1,A012,Audit Adjustment Account,Bank F,Infrastructure Department,non_tax_revenue_collection,inflow,122858,V000017,Simulated non tax revenue collection for Infrastructure Department,simulated_system,bank_statement,163417.0,0,0,1,0,0,64,0,0,Low,Routine monitoring,no_major_flag
T000020,2025-01-21,1,A010,Temporary Holding Account,Bank E,Education Department,project_fund_payment,outflow,623665,V000020,Simulated project fund payment for Education Department,simulated_system,bank_statement,748920.0,0,0,1,0,0,56,0,0,Low,Routine monitoring,no_major_flag
T000001,2025-01-22,1,A010,Temporary Holding Account,Bank E,Urban Management Department,budget_execution_payment,outflow,61090,V000001,Simulated budget execution payment for Urban Management Department,simulated_system,bank_statement,316246.60000000003,0,0,1,0,0,64,0,0,Low,Routine monitoring,no_major_flag
T000023,2025-01-22,1,A001,Treasury Main Account,Bank A,Culture and Tourism Department,inter_fund_transfer,outflow,413002,V000023,Simulated inter fund transfer for Culture and Tourism Department,simulated_system,bank_statement,509918.00000000006,0,1,1,0,0,81,1,3,Medium,Second-level review recommended,high_risk_type; high_activity_department
T000013,2025-01-23,1,A008,Health Project Fund Account,Bank D,Social Security Department,off_budget_fund_transfer,inflow,187381,V000013,Simulated off budget fund transfer for Social Security Department,simulated_system,bank_statement,446537.6000000001,0,1,1,0,0,66,0,2,Low,Second-level review recommended,high_risk_type
T000046,2025-01-23,1,A008,Health Project Fund Account,Bank D,Environmental Protection Department,project_fund_payment,outflow,218964,V000046,Simulated project fund payment for Environmental Protection Department,simulated_system,bank_statement,748920.0,0,0,1,0,0,70,0,0,Low,Routine monitoring,no_major_flag
T000005,2025-01-24,1,A005,Special Fund Account,Bank C,Emergency Management Department,inter_fund_transfer,outflow,553556,V000005,Simulated inter fund transfer for Emergency Management Department,simulated_system,bank_statement,509918.00000000006,1,1,1,0,0,70,0,5,Medium,Review transaction amount and supporting documents,large_amount; high_risk_type
T000012,2025-01-24,1,A003,Non-tax Revenue Collection Account,Bank B,Education Department,off_budget_fund_transfer,inflow,246688,V000012,Simulated off budget fund transfer for Education Department,simulated_system,bank_statement,446537.6000000001,0,1,1,0,0,56,0,2,Low,Second-level review recommended,high_risk_type
T000019,2025-01-24,1,A007,Education Fund Account,Bank D,Environmental Protection Department,budget_execution_payment,outflow,155059,V000019,Simulated budget execution payment for Environmental Protection Department,simulated_system,bank_statement,316246.60000000003,0,0,1,0,0,70,0,0,Low,Routine monitoring,no_major_flag
T000010,2025-01-25,1,A001,Treasury Main Account,Bank A,Culture and Tourism Department,off_budget_fund_transfer,outflow,438923,V000010,Simulated off budget fund transfer for Culture and Tourism Department,simulated_system,bank_statement,446537.6000000001,0,1,1,0,0,81,1,3,Medium,Second-level review recommended,high_risk_type; high_activity_department
T000050,2025-01-25,1,A008,Health Project Fund Account,Bank D,Education Department,year_end_settlement,inflow,329770,V000050,Simulated year end settlement for Education Department,simulated_system,bank_statement,600508.3,0,1,1,0,0,56,0,2,Low,Second-level review recommended,high_risk_type
T000003,2025-01-26,1,A010,Temporary Holding Account,Bank E,Finance Bureau Internal Unit,audit_adjustment,outflow,74969,V000003,Simulated audit adjustment for Finance Bureau Internal Unit,simulated_system,bank_statement,100457.59999999999,0,1,1,0,0,77,1,3,Medium,Second-level review recommended,high_risk_type; high_activity_department
T000025,2025-01-26,1,A005,Special Fund Account,Bank C,Agriculture Department,non_tax_revenue_collection,inflow,60609,V000025,Simulated non tax revenue collection for Agriculture Department,simulated_system,bank_statement,163417.0,0,0,1,0,0,70,0,0,Low,Routine monitoring,no_major_flag
T000027,2025-01-26,1,A012,Audit Adjustment Account,Bank F,Urban Management Department,non_tax_revenue_collection,inflow,117566,V000027,Simulated non tax revenue collection for Urban Management Department,simulated_system,bank_statement,163417.0,0,0,1,0,0,64,0,0,Low,Routine monitoring,no_major_flag
T000033,2025-01-26,1,A012,Audit Adjustment Account,Bank F,Urban Management Department,non_tax_revenue_collection,inflow,8267,V000033,Simulated non tax revenue collection for Urban Management Department,simulated_system,bank_statement,163417.0,0,0,1,0,0,64,0,0,Low,Routine monitoring,no_major_flag
T000038,2025-01-26,1,A004,Off-budget Fund Account,Bank B,Transport Department,budget_execution_payment,outflow,174697,V000038,Simulated budget execution payment for Transport Department,simulated_system,bank_statement,316246.60000000003,0,0,1,0,0,74,1,1,Low,Routine monitoring,high_activity_department
T000008,2025-01-27,1,A010,Temporary Holding Account,Bank E,Finance Bureau Internal Unit,budget_execution_payment,outflow,110982,V000008,Simulated budget execution payment for Finance Bureau Internal Unit,simulated_system,bank_statement,316246.60000000003,0,0,1,0,0,77,1,1,Low,Routine monitoring,high_activity_department
T000040,2025-01-27,1,A002,Budget Execution Payment Account,Bank A,Emergency Management Department,non_tax_revenue_collection,inflow,31790,V000040,Simulated non tax revenue collection for Emergency Management Department,simulated_system,bank_statement,163417.0,0,0,1,0,0,70,0,0,Low,Routine monitoring,no_major_flag
T000051,2025-01-27,1,A001,Treasury Main Account,Bank A,Infrastructure Department,project_fund_payment,outflow,600222,V000051,Simulated project fund payment for Infrastructure Department,simulated_system,bank_statement,748920.0,0,0,1,0,0,64,0,0,Low,Routine monitoring,no_major_flag
T000002,2025-01-28,1,A011,Inter-fund Transfer Account,Bank F,Transport Department,off_budget_fund_transfer,inflow,179503,V000002,Simulated off budget fund transfer for Transport Department,simulated_system,bank_statement,446537.6000000001,0,1,1,0,0,74,1,3,Medium,Second-level review recommended,high_risk_type; high_activity_department
T000031,2025-01-28,1,A012,Audit Adjustment Account,Bank F,Education Department,project_fund_payment,outflow,586226,V000031,Simulated project fund payment for Education Department,simulated_system,bank_statement,748920.0,0,0,1,0,0,56,0,0,Low,Routine monitoring,no_major_flag
T000049,2025-01-28,1,A008,Health Project Fund Account,Bank D,Environmental Protection Department,project_fund_payment,outflow,142193,V000049,Simulated project fund payment for Environmental Protection Department,simulated_system,bank_statement,748920.0,0,0,1,0,0,70,0,0,Low,Routine monitoring,no_major_flag
T000007,2025-01-30,1,A003,Non-tax Revenue Collection Account,Bank B,Environmental Protection Department,budget_execution_payment,outflow,317366,V000007,Simulated budget execution payment for Environmental Protection Department,simulated_system,bank_statement,316246.60000000003,1,0,1,0,0,70,0,3,Medium,Review transaction amount and supporting documents,large_amount
T000035,2025-01-30,1,A013,Year-end Settlement Account,Bank G,Education Department,refund,inflow,23352,V000035,Simulated refund for Education Department,simulated_system,bank_statement,70230.0,0,0,1,0,0,56,0,0,Low,Routine monitoring,no_major_flag
T000063,2025-02-01,2,A001,Treasury Main Account,Bank A,Emergency Management Department,off_budget_fund_transfer,inflow,419678,V000063,Simulated off budget fund transfer for Emergency Management Department,simulated_system,bank_statement,446537.6000000001,0,1,1,0,0,70,0,2,Low,Second-level review recommended,high_risk_type
T000077,2025-02-01,2,A006,Social Security Transfer Account,Bank C,Culture and Tourism Department,off_budget_fund_transfer,inflow,181878,V000077,Simulated off budget fund transfer for Culture and Tourism Department,simulated_system,bank_statement,446537.6000000001,0,1,1,0,0,81,1,3,Medium,Second-level review recommended,high_risk_type; high_activity_department
T000095,2025-02-01,2,A008,Health Project Fund Account,Bank D,Emergency Management Department,non_tax_revenue_collection,inflow,163417,V000095,Simulated non tax revenue collection for Emergency Management Department,simulated_system,bank_statement,163417.0,0,0,1,0,0,70,0,0,Low,Routine monitoring,no_major_flag
T000059,2025-02-02,2,A006,Social Security Transfer Account,Bank C,Environmental Protection Department,project_fund_payment,outflow,76069,V000059,Simulated project fund payment for Environmental Protection Department,simulated_system,bank_statement,748920.0,0,0,1,0,0,70,0,0,Low,Routine monitoring,no_major_flag
T000075,2025-02-02,2,A006,Social Security Transfer Account,Bank C,Community Services Department,audit_adjustment,outflow,9666,V000075,Simulated audit adjustment for Community Services Department,simulated_system,bank_statement,100457.59999999999,0,1,1,0,0,57,0,2,Low,Second-level review recommended,high_risk_type
T000083,2025-02-02,2,A009,Infrastructure Payment Account,Bank E,Urban Management Department,temporary_holding,inflow,121496,V000083,Simulated temporary holding for Urban Management Department,simulated_system,bank_statement,219627.5,0,1,1,0,0,64,0,2,Low,Second-level review recommended,high_risk_type
T000056,2025-02-03,2,A004,Off-budget Fund Account,Bank B,Social Security Department,temporary_holding,inflow,137600,V000056,Simulated temporary holding for Social Security Department,simulated_system,bank_statement,219627.5,0,1,1,0,0,66,0,2,Low,Second-level review recommended,high_risk_type
T000066,2025-02-03,2,A013,Year-end Settlement Account,Bank G,Urban Management Department,refund,inflow,32523,V000066,Simulated refund for Urban Management Department,simulated_system,bank_statement,70230.0,0,0,1,0,0,64,0,0,Low,Routine monitoring,no_major_flag
T000068,2025-02-03,2,A006,Social Security Transfer Account,Bank C,Culture and Tourism Department,budget_execution_payment,outflow,74917,V000068,Simulated budget execution payment for Culture and Tourism Department,simulated_system,bank_statement,316246.60000000003,0,0,1,0,0,81,1,1,Low,Routine monitoring,high_activity_department
T000072,2025-02-04,2,A005,Special Fund Account,Bank C,Urban Management Department,budget_execution_payment,outflow,231951,V000072,Simulated budget execution payment for Urban Management Department,simulated_system,bank_statement,316246.60000000003,0,0,1,0,0,64,0,0,Low,Routine monitoring,no_major_flag
T000088,2025-02-04,2,A008,Health Project Fund Account,Bank D,Education Department,non_tax_revenue_collection,inflow,94599,V000088,Simulated non tax revenue collection for Education Department,simulated_system,bank_statement,163417.0,0,0,1,0,0,56,0,0,Low,Routine monitoring,no_major_flag
T000060,2025-02-06,2,A011,Inter-fund Transfer Account,Bank F,Urban Management Department,non_tax_revenue_collection,inflow,22260,V000060,Simulated non tax revenue collection for Urban Management Department,simulated_system,bank_statement,163417.0,0,0,1,0,0,64,0,0,Low,Routine monitoring,no_major_flag
T000067,2025-02-06,2,A007,Education Fund Account,Bank D,Education Department,non_tax_revenue_collection,inflow,148026,V000067,Simulated non tax revenue collection for Education Department,simulated_system,bank_statement,163417.0,0,0,1,0,0,56,0,0,Low,Routine monitoring,no_major_flag
T000070,2025-02-08,2,A011,Inter-fund Transfer Account,Bank F,Urban Management Department,off_budget_fund_transfer,outflow,421182,V000070,Simulated off budget fund transfer for Urban Management Department,simulated_system,bank_statement,446537.6000000001,0,1,1,0,0,64,0,2,Low,Second-level review recommended,high_risk_type
T000071,2025-02-08,2,A007,Education Fund Account,Bank D,Agriculture Department,budget_execution_payment,outflow,34153,V000071,Simulated budget execution payment for Agriculture Department,simulated_system,bank_statement,316246.60000000003,0,0,1,0,0,70,0,0,Low,Routine monitoring,no_major_flag
T000061,2025-02-09,2,A012,Audit Adjustment Account,Bank F,Culture and Tourism Department,budget_execution_payment,outflow,178518,V000061,Simulated budget execution payment for Culture and Tourism Department,simulated_system,bank_statement,316246.60000000003,0,0,1,0,0,81,1,1,Low,Routine monitoring,high_activity_department
T000074,2025-02-09,2,A009,Infrastructure Payment Account,Bank E,Urban Management Department,budget_execution_payment,outflow,162766,V000074,Simulated budget execution payment for Urban Management Department,simulated_system,bank_statement,316246.60000000003,0,0,1,0,0,64,0,0,Low,Routine monitoring,no_major_flag
T000086,2025-02-10,2,A011,Inter-fund Transfer Account,Bank F,Agriculture Department,refund,inflow,50756,V000086,Simulated refund for Agriculture Department,simulated_system,bank_statement,70230.0,0,0,1,0,0,70,0,0,Low,Routine monitoring,no_major_flag
T000065,2025-02-11,2,A004,Off-budget Fund Account,Bank B,Finance Bureau Internal Unit,year_end_settlement,inflow,693927,V000065,Simulated year end settlement for Finance Bureau Internal Unit,simulated_system,bank_statement,600508.3,1,1,1,0,0,77,1,6,High,Immediate review required,large_amount; high_risk_type; high_activity_department
T000073,2025-02-11,2,A011,Inter-fund Transfer Account,Bank F,Culture and Tourism Department,budget_execution_payment,outflow,154869,V000073,Simulated budget execution payment for Culture and Tourism Department,simulated_system,bank_statement,316246.60000000003,0,0,1,0,0,81,1,1,Low,Routine monitoring,high_activity_department
T000085,2025-02-11,2,A012,Audit Adjustment Account,Bank F,Agriculture Department,inter_fund_transfer,outflow,356676,V000085,Simulated inter fund transfer for Agriculture Department,simulated_system,bank_statement,509918.00000000006,0,1,1,0,0,70,0,2,Low,Second-level review recommended,high_risk_type
T000055,2025-02-13,2,A004,Off-budget Fund Account,Bank B,Community Services Department,non_tax_revenue_collection,inflow,96865,V000055,Simulated non tax revenue collection for Community Services Department,simulated_system,bank_statement,163417.0,0,0,1,0,0,57,0,0,Low,Routine monitoring,no_major_flag
T000057,2025-02-15,2,A012,Audit Adjustment Account,Bank F,Transport Department,refund,inflow,57658,V000057,Simulated refund for Transport Department,simulated_system,bank_statement,70230.0,0,0,1,0,0,74,1,1,Low,Routine monitoring,high_activity_department
T000082,2025-02-15,2,A006,Social Security Transfer Account,Bank C,Urban Management Department,refund,inflow,44880,V000082,Simulated refund for Urban Management Department,simulated_system,bank_statement,70230.0,0,0,1,0,0,64,0,0,Low,Routine monitoring,no_major_flag
T000052,2025-02-17,2,A005,Special Fund Account,Bank C,Emergency Management Department,temporary_holding,inflow,65479,V000052,Simulated temporary holding for Emergency Management Department,simulated_system,bank_statement,219627.5,0,1,1,0,0,70,0,2,Low,Second-level review recommended,high_risk_type
T000091,2025-02-17,2,A010,Temporary Holding Account,Bank E,Emergency Management Department,temporary_holding,inflow,16960,V000091,Simulated temporary holding for Emergency Management Department,simulated_system,bank_statement,219627.5,0,1,1,0,0,70,0,2,Low,Second-level review recommended,high_risk_type
T000096,2025-02-17,2,A004,Off-budget Fund Account,Bank B,Urban Management Department,year_end_settlement,inflow,452845,V000096,Simulated year end settlement for Urban Management Department,simulated_system,bank_statement,600508.3,0,1,1,0,0,64,0,2,Low,Second-level review recommended,high_risk_type
T000053,2025-02-19,2,A003,Non-tax Revenue Collection Account,Bank B,Finance Bureau Internal Unit,project_fund_payment,outflow,95002,V000053,Simulated project fund payment for Finance Bureau Internal Unit,simulated_system,bank_statement,748920.0,0,0,1,0,0,77,1,1,Low,Routine monitoring,high_activity_department
T000080,2025-02-19,2,A006,Social Security Transfer Account,Bank C,Education Department,temporary_holding,inflow,82258,V000080,Simulated temporary holding for Education Department,simulated_system,bank_statement,219627.5,0,1,1,0,0,56,0,2,Low,Second-level review recommended,high_risk_type
T000084,2025-02-19,2,A007,Education Fund Account,Bank D,Education Department,budget_execution_payment,outflow,179601,V000084,Simulated budget execution payment for Education Department,simulated_system,bank_statement,316246.60000000003,0,0,1,0,0,56,0,0,Low,Routine monitoring,no_major_flag
T000089,2025-02-19,2,A010,Temporary Holding Account,Bank E,Infrastructure Department,budget_execution_payment,outflow,264883,V000089,Simulated budget execution payment for Infrastructure Department,simulated_system,bank_statement,316246.60000000003,0,0,1,0,0,64,0,0,Low,Routine monitoring,no_major_flag
T000064,2025-02-20,2,A010,Temporary Holding Account,Bank E,Education Department,year_end_settlement,inflow,287665,V000064,Simulated year end settlement for Education Department,simulated_system,bank_statement,600508.3,0,1,1,0,0,56,0,2,Low,Second-level review recommended,high_risk_type
T000093,2025-02-21,2,A004,Off-budget Fund Account,Bank B,Culture and Tourism Department,off_budget_fund_transfer,inflow,198270,V000093,Simulated off budget fund transfer for Culture and Tourism Department,simulated_system,bank_statement,446537.6000000001,0,1,1,0,0,81,1,3,Medium,Second-level review recommended,high_risk_type; high_activity_department
T000058,2025-02-22,2,A008,Health Project Fund Account,Bank D,Emergency Management Department,non_tax_revenue_collection,inflow,100462,V000058,Simulated non tax revenue collection for Emergency Management Department,simulated_system,bank_statement,163417.0,0,0,1,0,0,70,0,0,Low,Routine monitoring,no_major_flag
T000078,2025-02-22,2,A007,Education Fund Account,Bank D,Transport Department,refund,inflow,30865,V000078,Simulated refund for Transport Department,simulated_system,bank_statement,70230.0,0,0,1,0,0,74,1,1,Low,Routine monitoring,high_activity_department
T000081,2025-02-23,2,A007,Education Fund Account,Bank D,Health Department,budget_execution_payment,outflow,264446,V000081,Simulated budget execution payment for Health Department,simulated_system,bank_statement,316246.60000000003,0,0,1,0,0,63,0,0,Low,Routine monitoring,no_major_flag
T000062,2025-02-24,2,A001,Treasury Main Account,Bank A,Agriculture Department,budget_execution_payment,outflow,132221,V000062,Simulated budget execution payment for Agriculture Department,simulated_system,bank_statement,316246.60000000003,0,0,1,0,0,70,0,0,Low,Routine monitoring,no_major_flag
T000094,2025-02-24,2,A001,Treasury Main Account,Bank A,Infrastructure Department,off_budget_fund_transfer,outflow,119613,V000094,Simulated off budget fund transfer for Infrastructure Department,simulated_system,bank_statement,446537.6000000001,0,1,1,0,0,64,0,2,Low,Second-level review recommended,high_risk_type
T000097,2025-02-24,2,A003,Non-tax Revenue Collection Account,Bank B,Health Department,budget_execution_payment,outflow,53933,V000097,Simulated budget execution payment for Health Department,simulated_system,bank_statement,316246.60000000003,0,0,1,0,0,63,0,0,Low,Routine monitoring,no_major_flag
T000090,2025-02-25,2,A007,Education Fund Account,Bank D,Culture and Tourism Department,off_budget_fund_transfer,outflow,85337,V000090,Simulated off budget fund transfer for Culture and Tourism Department,simulated_system,bank_statement,446537.6000000001,0,1,1,0,0,81,1,3,Medium,Second-level review recommended,high_risk_type; high_activity_department
T000092,2025-02-25,2,A004,Off-budget Fund Account,Bank B,Health Department,project_fund_payment,outflow,514071,V000092,Simulated project fund payment for Health Department,simulated_system,bank_statement,748920.0,0,0,1,0,0,63,0,0,Low,Routine monitoring,no_major_flag
T000054,2025-02-26,2,A002,Budget Execution Payment Account,Bank A,Infrastructure Department,project_fund_payment,outflow,603020,V000054,Simulated project fund payment for Infrastructure Department,simulated_system,bank_statement,748920.0,0,0,1,0,0,64,0,0,Low,Routine monitoring,no_major_flag
T000076,2025-02-26,2,A002,Budget Execution Payment Account,Bank A,Transport Department,temporary_holding,inflow,14757,V000076,Simulated temporary holding for Transport Department,simulated_system,bank_statement,219627.5,0,1,1,0,0,74,1,3,Medium,Second-level review recommended,high_risk_type; high_activity_department
T000087,2025-02-26,2,A007,Education Fund Account,Bank D,Health Department,audit_adjustment,inflow,90563,V000087,Simulated audit adjustment for Health Department,simulated_system,bank_statement,100457.59999999999,0,1,1,0,0,63,0,2,Low,Second-level review recommended,high_risk_type
T000069,2025-02-27,2,A007,Education Fund Account,Bank D,Culture and Tourism Department,non_tax_revenue_collection,inflow,69484,V000069,Simulated non tax revenue collection for Culture and Tourism Department,simulated_system,bank_statement,163417.0,0,0,1,0,0,81,1,1,Low,Routine monitoring,high_activity_department
T000079,2025-02-28,2,A008,Health Project Fund Account,Bank D,Health Department,off_budget_fund_transfer,outflow,243046,V000079,Simulated off budget fund transfer for Health Department,simulated_system,bank_statement,446537.6000000001,0,1,1,0,0,63,0,2,Low,Second-level review recommended,high_risk_type
T000104,2025-03-01,3,A006,Social Security Transfer Account,Bank C,Community Services Department,off_budget_fund_transfer,outflow,228747,V000104,Simulated off budget fund transfer for Community Services Department,simulated_system,bank_statement,446537.6000000001,0,1,1,0,0,57,0,2,Low,Second-level review recommended,high_risk_type
T000161,2025-03-02,3,A003,Non-tax Revenue Collection Account,Bank B,Transport Department,non_tax_revenue_collection,inflow,109576,V000161,Simulated non tax revenue collection for Transport Department,simulated_system,bank_statement,163417.0,0,0,1,0,0,74,1,1,Low,Routine monitoring,high_activity_department
T000100,2025-03-03,3,A006,Social Security Transfer Account,Bank C,Social Security Department,budget_execution_payment,outflow,328744,V000100,Simulated budget execution payment for Social Security Department,simulated_system,bank_statement,316246.60000000003,1,0,1,0,0,66,0,3,Medium,Review transaction amount and supporting documents,large_amount
T000128,2025-03-03,3,A009,Infrastructure Payment Account,Bank E,Agriculture Department,budget_execution_payment,outflow,190102,V000128,Simulated budget execution payment for Agriculture Department,simulated_system,bank_statement,316246.60000000003,0,0,1,0,0,70,0,0,Low,Routine monitoring,no_major_flag
T000148,2025-03-03,3,A011,Inter-fund Transfer Account,Bank F,Culture and Tourism Department,project_fund_payment,outflow,220963,V000148,Simulated project fund payment for Culture and Tourism Department,simulated_system,bank_statement,748920.0,0,0,1,0,0,81,1,1,Low,Routine monitoring,high_activity_department
T000160,2025-03-03,3,A011,Inter-fund Transfer Account,Bank F,Finance Bureau Internal Unit,budget_execution_payment,outflow,303367,V000160,Simulated budget execution payment for Finance Bureau Internal Unit,simulated_system,bank_statement,316246.60000000003,0,0,1,0,0,77,1,1,Low,Routine monitoring,high_activity_department
T000109,2025-03-04,3,A010,Temporary Holding Account,Bank E,Education Department,off_budget_fund_transfer,inflow,262732,V000109,Simulated off budget fund transfer for Education Department,simulated_system,bank_statement,446537.6000000001,0,1,1,0,0,56,0,2,Low,Second-level review recommended,high_risk_type
T000154,2025-03-04,3,A008,Health Project Fund Account,Bank D,Finance Bureau Internal Unit,budget_execution_payment,outflow,256513,V000154,Simulated budget execution payment for Finance Bureau Internal Unit,simulated_system,bank_statement,316246.60000000003,0,0,1,0,0,77,1,1,Low,Routine monitoring,high_activity_department
T000107,2025-03-05,3,A007,Education Fund Account,Bank D,Agriculture Department,non_tax_revenue_collection,inflow,96357,V000107,Simulated non tax revenue collection for Agriculture Department,simulated_system,bank_statement,163417.0,0,0,1,0,0,70,0,0,Low,Routine monitoring,no_major_flag
T000125,2025-03-05,3,A010,Temporary Holding Account,Bank E,Urban Management Department,non_tax_revenue_collection,inflow,69674,V000125,Simulated non tax revenue collection for Urban Management Department,simulated_system,bank_statement,163417.0,0,0,1,0,0,64,0,0,Low,Routine monitoring,no_major_flag
T000127,2025-03-05,3,A002,Budget Execution Payment Account,Bank A,Education Department,non_tax_revenue_collection,inflow,20563,V000127,Simulated non tax revenue collection for Education Department,simulated_system,bank_statement,163417.0,0,0,1,0,0,56,0,0,Low,Routine monitoring,no_major_flag
T000142,2025-03-05,3,A005,Special Fund Account,Bank C,Education Department,budget_execution_payment,outflow,280337,V000142,Simulated budget execution payment for Education Department,simulated_system,bank_statement,316246.60000000003,0,0,1,0,0,56,0,0,Low,Routine monitoring,no_major_flag
T000124,2025-03-06,3,A012,Audit Adjustment Account,Bank F,Finance Bureau Internal Unit,budget_execution_payment,outflow,84324,V000124,Simulated budget execution payment for Finance Bureau Internal Unit,simulated_system,bank_statement,316246.60000000003,0,0,1,0,0,77,1,1,Low,Routine monitoring,high_activity_department
T000135,2025-03-06,3,A008,Health Project Fund Account,Bank D,Emergency Management Department,non_tax_revenue_collection,inflow,158515,V000135,Simulated non tax revenue collection for Emergency Management Department,simulated_system,bank_statement,163417.0,0,0,1,0,0,70,0,0,Low,Routine monitoring,no_major_flag
T000146,2025-03-06,3,A003,Non-tax Revenue Collection Account,Bank B,Environmental Protection Department,budget_execution_payment,outflow,145703,V000146,Simulated budget execution payment for Environmental Protection Department,simulated_system,bank_statement,316246.60000000003,0,0,1,0,0,70,0,0,Low,Routine monitoring,no_major_flag
T000134,2025-03-07,3,A008,Health Project Fund Account,Bank D,Finance Bureau Internal Unit,inter_fund_transfer,inflow,258389,V000134,Simulated inter fund transfer for Finance Bureau Internal Unit,simulated_system,bank_statement,509918.00000000006,0,1,1,0,0,77,1,3,Medium,Second-level review recommended,high_risk_type; high_activity_department
T000144,2025-03-07,3,A008,Health Project Fund Account,Bank D,Environmental Protection Department,refund,inflow,57754,V000144,Simulated refund for Environmental Protection Department,simulated_system,bank_statement,70230.0,0,0,1,0,0,70,0,0,Low,Routine monitoring,no_major_flag
T000156,2025-03-07,3,A005,Special Fund Account,Bank C,Transport Department,non_tax_revenue_collection,inflow,145146,V000156,Simulated non tax revenue collection for Transport Department,simulated_system,bank_statement,163417.0,0,0,1,0,0,74,1,1,Low,Routine monitoring,high_activity_department
T000117,2025-03-08,3,A001,Treasury Main Account,Bank A,Community Services Department,budget_execution_payment,outflow,344912,V000117,Simulated budget execution payment for Community Services Department,simulated_system,bank_statement,316246.60000000003,1,0,1,0,0,57,0,3,Medium,Review transaction amount and supporting documents,large_amount
T000145,2025-03-08,3,A008,Health Project Fund Account,Bank D,Education Department,project_fund_payment,outflow,328600,V000145,Simulated project fund payment for Education Department,simulated_system,bank_statement,748920.0,0,0,1,0,0,56,0,0,Low,Routine monitoring,no_major_flag
T000147,2025-03-08,3,A009,Infrastructure Payment Account,Bank E,Agriculture Department,year_end_settlement,inflow,345507,V000147,Simulated year end settlement for Agriculture Department,simulated_system,bank_statement,600508.3,0,1,1,0,0,70,0,2,Low,Second-level review recommended,high_risk_type
T000149,2025-03-08,3,A013,Year-end Settlement Account,Bank G,Culture and Tourism Department,project_fund_payment,outflow,106273,V000149,Simulated project fund payment for Culture and Tourism Department,simulated_system,bank_statement,748920.0,0,0,1,0,0,81,1,1,Low,Routine monitoring,high_activity_department
T000168,2025-03-08,3,A006,Social Security Transfer Account,Bank C,Environmental Protection Department,refund,inflow,17997,V000168,Simulated refund for Environmental Protection Department,simulated_system,bank_statement,70230.0,0,0,1,0,0,70,0,0,Low,Routine monitoring,no_major_flag
T000122,2025-03-09,3,A011,Inter-fund Transfer Account,Bank F,Social Security Department,off_budget_fund_transfer,outflow,372962,V000122,Simulated off budget fund transfer for Social Security Department,simulated_system,bank_statement,446537.6000000001,0,1,1,0,0,66,0,2,Low,Second-level review recommended,high_risk_type
T000165,2025-03-09,3,A004,Off-budget Fund Account,Bank B,Finance Bureau Internal Unit,project_fund_payment,outflow,747960,V000165,Simulated project fund payment for Finance Bureau Internal Unit,simulated_system,bank_statement,748920.0,0,0,1,0,0,77,1,1,Low,Routine monitoring,high_activity_department
T000105,2025-03-10,3,A008,Health Project Fund Account,Bank D,Emergency Management Department,year_end_settlement,outflow,601926,V000105,Simulated year end settlement for Emergency Management Department,simulated_system,bank_statement,600508.3,1,1,1,0,0,70,0,5,Medium,Review transaction amount and supporting documents,large_amount; high_risk_type
T000130,2025-03-10,3,A005,Special Fund Account,Bank C,Transport Department,budget_execution_payment,outflow,21969,V000130,Simulated budget execution payment for Transport Department,simulated_system,bank_statement,316246.60000000003,0,0,1,0,0,74,1,1,Low,Routine monitoring,high_activity_department
T000139,2025-03-10,3,A011,Inter-fund Transfer Account,Bank F,Culture and Tourism Department,off_budget_fund_transfer,inflow,205211,V000139,Simulated off budget fund transfer for Culture and Tourism Department,simulated_system,bank_statement,446537.6000000001,0,1,1,0,0,81,1,3,Medium,Second-level review recommended,high_risk_type; high_activity_department
T000143,2025-03-10,3,A009,Infrastructure Payment Account,Bank E,Finance Bureau Internal Unit,budget_execution_payment,outflow,111658,V000143,Simulated budget execution payment for Finance Bureau Internal Unit,simulated_system,bank_statement,316246.60000000003,0,0,1,0,0,77,1,1,Low,Routine monitoring,high_activity_department
T000155,2025-03-10,3,A007,Education Fund Account,Bank D,Finance Bureau Internal Unit,non_tax_revenue_collection,inflow,47913,V000155,Simulated non tax revenue collection for Finance Bureau Internal Unit,simulated_system,bank_statement,163417.0,0,0,1,0,0,77,1,1,Low,Routine monitoring,high_activity_department
T000098,2025-03-11,3,A004,Off-budget Fund Account,Bank B,Transport Department,temporary_holding,inflow,55028,V000098,Simulated temporary holding for Transport Department,simulated_system,bank_statement,219627.5,0,1,1,0,0,74,1,3,Medium,Second-level review recommended,high_risk_type; high_activity_department
T000102,2025-03-11,3,A010,Temporary Holding Account,Bank E,Community Services Department,year_end_settlement,outflow,356916,V000102,Simulated year end settlement for Community Services Department,simulated_system,bank_statement,600508.3,0,1,1,0,0,57,0,2,Low,Second-level review recommended,high_risk_type
T000133,2025-03-11,3,A003,Non-tax Revenue Collection Account,Bank B,Social Security Department,refund,inflow,68024,V000133,Simulated refund for Social Security Department,simulated_system,bank_statement,70230.0,0,0,1,0,0,66,0,0,Low,Routine monitoring,no_major_flag
T000126,2025-03-12,3,A013,Year-end Settlement Account,Bank G,Finance Bureau Internal Unit,non_tax_revenue_collection,inflow,125585,V000126,Simulated non tax revenue collection for Finance Bureau Internal Unit,simulated_system,bank_statement,163417.0,0,0,1,0,0,77,1,1,Low,Routine monitoring,high_activity_department
T000136,2025-03-12,3,A007,Education Fund Account,Bank D,Urban Management Department,audit_adjustment,outflow,5760,V000136,Simulated audit adjustment for Urban Management Department,simulated_system,bank_statement,100457.59999999999,0,1,1,0,0,64,0,2,Low,Second-level review recommended,high_risk_type
T000167,2025-03-12,3,A005,Special Fund Account,Bank C,Infrastructure Department,budget_execution_payment,outflow,197876,V000167,Simulated budget execution payment for Infrastructure Department,simulated_system,bank_statement,316246.60000000003,0,0,1,0,0,64,0,0,Low,Routine monitoring,no_major_flag
T000099,2025-03-13,3,A009,Infrastructure Payment Account,Bank E,Emergency Management Department,budget_execution_payment,outflow,346898,V000099,Simulated budget execution payment for Emergency Management Department,simulated_system,bank_statement,316246.60000000003,1,0,1,0,0,70,0,3,Medium,Review transaction amount and supporting documents,large_amount
T000159,2025-03-13,3,A004,Off-budget Fund Account,Bank B,Social Security Department,budget_execution_payment,outflow,198148,V000159,Simulated budget execution payment for Social Security Department,simulated_system,bank_statement,316246.60000000003,0,0,1,0,0,66,0,0,Low,Routine monitoring,no_major_flag
T000114,2025-03-14,3,A007,Education Fund Account,Bank D,Agriculture Department,refund,inflow,31009,V000114,Simulated refund for Agriculture Department,simulated_system,bank_statement,70230.0,0,0,1,0,0,70,0,0,Low,Routine monitoring,no_major_flag
T000101,2025-03-15,3,A005,Special Fund Account,Bank C,Finance Bureau Internal Unit,off_budget_fund_transfer,outflow,325804,V000101,Simulated off budget fund transfer for Finance Bureau Internal Unit,simulated_system,bank_statement,446537.6000000001,0,1,1,0,0,77,1,3,Medium,Second-level review recommended,high_risk_type; high_activity_department
T000108,2025-03-15,3,A008,Health Project Fund Account,Bank D,Transport Department,budget_execution_payment,outflow,174893,V000108,Simulated budget execution payment for Transport Department,simulated_system,bank_statement,316246.60000000003,0,0,1,0,0,74,1,1,Low,Routine monitoring,high_activity_department
T000115,2025-03-15,3,A002,Budget Execution Payment Account,Bank A,Agriculture Department,budget_execution_payment,outflow,189631,V000115,Simulated budget execution payment for Agriculture Department,simulated_system,bank_statement,316246.60000000003,0,0,1,0,0,70,0,0,Low,Routine monitoring,no_major_flag
T000118,2025-03-15,3,A008,Health Project Fund Account,Bank D,Community Services Department,temporary_holding,inflow,154701,V000118,Simulated temporary holding for Community Services Department,simulated_system,bank_statement,219627.5,0,1,1,0,0,57,0,2,Low,Second-level review recommended,high_risk_type
T000132,2025-03-16,3,A005,Special Fund Account,Bank C,Urban Management Department,audit_adjustment,outflow,80134,V000132,Simulated audit adjustment for Urban Management Department,simulated_system,bank_statement,100457.59999999999,0,1,1,0,0,64,0,2,Low,Second-level review recommended,high_risk_type
T000106,2025-03-17,3,A001,Treasury Main Account,Bank A,Finance Bureau Internal Unit,non_tax_revenue_collection,inflow,80418,V000106,Simulated non tax revenue collection for Finance Bureau Internal Unit,simulated_system,bank_statement,163417.0,0,0,1,0,0,77,1,1,Low,Routine monitoring,high_activity_department
T000162,2025-03-17,3,A012,Audit Adjustment Account,Bank F,Transport Department,project_fund_payment,outflow,754590,V000162,Simulated project fund payment for Transport Department,simulated_system,bank_statement,748920.0,1,0,1,0,0,74,1,4,Medium,Review transaction amount and supporting documents,large_amount; high_activity_department
T000103,2025-03-18,3,A003,Non-tax Revenue Collection Account,Bank B,Environmental Protection Department,budget_execution_payment,outflow,65648,V000103,Simulated budget execution payment for Environmental Protection Department,simulated_system,bank_statement,316246.60000000003,0,0,1,0,0,70,0,0,Low,Routine monitoring,no_major_flag
T000123,2025-03-18,3,A001,Treasury Main Account,Bank A,Environmental Protection Department,audit_adjustment,inflow,49364,V000123,Simulated audit adjustment for Environmental Protection Department,simulated_system,bank_statement,100457.59999999999,0,1,1,0,0,70,0,2,Low,Second-level review recommended,high_risk_type
T000120,2025-03-19,3,A002,Budget Execution Payment Account,Bank A,Transport Department,non_tax_revenue_collection,inflow,97447,V000120,Simulated non tax revenue collection for Transport Department,simulated_system,bank_statement,163417.0,0,0,1,0,0,74,1,1,Low,Routine monitoring,high_activity_department
T000112,2025-03-20,3,A003,Non-tax Revenue Collection Account,Bank B,Culture and Tourism Department,temporary_holding,inflow,95553,V000112,Simulated temporary holding for Culture and Tourism Department,simulated_system,bank_statement,219627.5,0,1,1,0,0,81,1,3,Medium,Second-level review recommended,high_risk_type; high_activity_department
T000116,2025-03-20,3,A013,Year-end Settlement Account,Bank G,Emergency Management Department,inter_fund_transfer,inflow,239724,V000116,Simulated inter fund transfer for Emergency Management Department,simulated_system,bank_statement,509918.00000000006,0,1,1,0,0,70,0,2,Low,Second-level review recommended,high_risk_type
T000138,2025-03-20,3,A007,Education Fund Account,Bank D,Community Services Department,project_fund_payment,outflow,632004,V000138,Simulated project fund payment for Community Services Department,simulated_system,bank_statement,748920.0,0,0,1,0,0,57,0,0,Low,Routine monitoring,no_major_flag
T000152,2025-03-20,3,A011,Inter-fund Transfer Account,Bank F,Finance Bureau Internal Unit,budget_execution_payment,outflow,313894,V000152,Simulated budget execution payment for Finance Bureau Internal Unit,simulated_system,bank_statement,316246.60000000003,0,0,1,0,0,77,1,1,Low,Routine monitoring,high_activity_department
T000157,2025-03-20,3,A003,Non-tax Revenue Collection Account,Bank B,Infrastructure Department,refund,inflow,44468,V000157,Simulated refund for Infrastructure Department,simulated_system,bank_statement,70230.0,0,0,1,0,0,64,0,0,Low,Routine monitoring,no_major_flag
T000169,2025-03-20,3,A008,Health Project Fund Account,Bank D,Community Services Department,budget_execution_payment,outflow,139246,V000169,Simulated budget execution payment for Community Services Department,simulated_system,bank_statement,316246.60000000003,0,0,1,0,0,57,0,0,Low,Routine monitoring,no_major_flag
T000137,2025-03-21,3,A010,Temporary Holding Account,Bank E,Transport Department,budget_execution_payment,outflow,79182,V000137,Simulated budget execution payment for Transport Department,simulated_system,bank_statement,316246.60000000003,0,0,1,0,0,74,1,1,Low,Routine monitoring,high_activity_department
T000158,2025-03-21,3,A004,Off-budget Fund Account,Bank B,Emergency Management Department,budget_execution_payment,outflow,224366,V000158,Simulated budget execution payment for Emergency Management Department,simulated_system,bank_statement,316246.60000000003,0,0,1,0,0,70,0,0,Low,Routine monitoring,no_major_flag
T000119,2025-03-22,3,A010,Temporary Holding Account,Bank E,Transport Department,refund,inflow,17313,V000119,Simulated refund for Transport Department,simulated_system,bank_statement,70230.0,0,0,1,0,0,74,1,1,Low,Routine monitoring,high_activity_department
T000153,2025-03-22,3,A009,Infrastructure Payment Account,Bank E,Education Department,project_fund_payment,outflow,506956,V000153,Simulated project fund payment for Education Department,simulated_system,bank_statement,748920.0,0,0,1,0,0,56,0,0,Low,Routine monitoring,no_major_flag
T000164,2025-03-22,3,A002,Budget Execution Payment Account,Bank A,Environmental Protection Department,non_tax_revenue_collection,inflow,109797,V000164,Simulated non tax revenue collection for Environmental Protection Department,simulated_system,bank_statement,163417.0,0,0,1,0,0,70,0,0,Low,Routine monitoring,no_major_flag
T000131,2025-03-23,3,A004,Off-budget Fund Account,Bank B,Emergency Management Department,refund,inflow,49414,V000131,Simulated refund for Emergency Management Department,simulated_system,bank_statement,70230.0,0,0,1,0,0,70,0,0,Low,Routine monitoring,no_major_flag
T000140,2025-03-23,3,A003,Non-tax Revenue Collection Account,Bank B,Agriculture Department,budget_execution_payment,outflow,108204,V000140,Simulated budget execution payment for Agriculture Department,simulated_system,bank_statement,316246.60000000003,0,0,1,0,0,70,0,0,Low,Routine monitoring,no_major_flag
T000163,2025-03-24,3,A002,Budget Execution Payment Account,Bank A,Education Department,budget_execution_payment,outflow,109570,V000163,Simulated budget execution payment for Education Department,simulated_system,bank_statement,316246.60000000003,0,0,1,0,0,56,0,0,Low,Routine monitoring,no_major_flag
T000129,2025-03-25,3,A007,Education Fund Account,Bank D,Health Department,year_end_settlement,inflow,681233,V000129,Simulated year end settlement for Health Department,simulated_system,bank_statement,600508.3,1,1,1,0,0,63,0,5,Medium,Review transaction amount and supporting documents,large_amount; high_risk_type
T000141,2025-03-27,3,A004,Off-budget Fund Account,Bank B,Urban Management Department,temporary_holding,inflow,242601,V000141,Simulated temporary holding for Urban Management Department,simulated_system,bank_statement,219627.5,1,1,1,0,0,64,0,5,Medium,Review transaction amount and supporting documents,large_amount; high_risk_type
T000150,2025-03-27,3,A007,Education Fund Account,Bank D,Finance Bureau Internal Unit,non_tax_revenue_collection,inflow,40585,V000150,Simulated non tax revenue collection for Finance Bureau Internal Unit,simulated_system,bank_statement,163417.0,0,0,1,0,0,77,1,1,Low,Routine monitoring,high_activity_department
T000110,2025-03-28,3,A005,Special Fund Account,Bank C,Urban Management Department,inter_fund_transfer,outflow,244695,V000110,Simulated inter fund transfer for Urban Management Department,simulated_system,bank_statement,509918.00000000006,0,1,1,0,0,64,0,2,Low,Second-level review recommended,high_risk_type
T000151,2025-03-28,3,A012,Audit Adjustment Account,Bank F,Urban Management Department,audit_adjustment,outflow,5437,V000151,Simulated audit adjustment for Urban Management Department,simulated_system,bank_statement,100457.59999999999,0,1,1,0,0,64,0,2,Low,Second-level review recommended,high_risk_type
T000166,2025-03-28,3,A012,Audit Adjustment Account,Bank F,Health Department,audit_adjustment,outflow,61703,V000166,Simulated audit adjustment for Health Department,simulated_system,bank_statement,100457.59999999999,0,1,1,0,0,63,0,2,Low,Second-level review recommended,high_risk_type
T000111,2025-03-29,3,A012,Audit Adjustment Account,Bank F,Infrastructure Department,refund,inflow,78961,V000111,Simulated refund for Infrastructure Department,simulated_system,bank_statement,70230.0,1,0,1,0,0,64,0,3,Medium,Review transaction amount and supporting documents,large_amount
T000170,2025-03-30,3,A013,Year-end Settlement Account,Bank G,Culture and Tourism Department,budget_execution_payment,outflow,202684,V000170,Simulated budget execution payment for Culture and Tourism Department,simulated_system,bank_statement,316246.60000000003,0,0,1,0,0,81,1,1,Low,Routine monitoring,high_activity_department
T000113,2025-03-31,3,A009,Infrastructure Payment Account,Bank E,Agriculture Department,budget_execution_payment,outflow,272859,V000113,Simulated budget execution payment for Agriculture Department,simulated_system,bank_statement,316246.60000000003,0,0,1,0,0,70,0,0,Low,Routine monitoring,no_major_flag
T000121,2025-03-31,3,A008,Health Project Fund Account,Bank D,Education Department,refund,inflow,18309,V000121,Simulated refund for Education Department,simulated_system,bank_statement,70230.0,0,0,1,0,0,56,0,0,Low,Routine monitoring,no_major_flag
T000216,2025-04-01,4,A005,Special Fund Account,Bank C,Social Security Department,budget_execution_payment,outflow,303456,V000216,Simulated budget execution payment for Social Security Department,simulated_system,bank_statement,316246.60000000003,0,0,1,0,0,66,0,0,Low,Routine monitoring,no_major_flag
T000220,2025-04-02,4,A003,Non-tax Revenue Collection Account,Bank B,Infrastructure Department,inter_fund_transfer,inflow,394313,V000220,Simulated inter fund transfer for Infrastructure Department,simulated_system,bank_statement,509918.00000000006,0,1,1,0,0,64,0,2,Low,Second-level review recommended,high_risk_type
T000183,2025-04-03,4,A003,Non-tax Revenue Collection Account,Bank B,Culture and Tourism Department,off_budget_fund_transfer,outflow,320372,V000183,Simulated off budget fund transfer for Culture and Tourism Department,simulated_system,bank_statement,446537.6000000001,0,1,1,0,0,81,1,3,Medium,Second-level review recommended,high_risk_type; high_activity_department
T000196,2025-04-03,4,A008,Health Project Fund Account,Bank D,Environmental Protection Department,refund,inflow,3089,V000196,Simulated refund for Environmental Protection Department,simulated_system,bank_statement,70230.0,0,0,1,0,0,70,0,0,Low,Routine monitoring,no_major_flag
T000203,2025-04-03,4,A011,Inter-fund Transfer Account,Bank F,Transport Department,budget_execution_payment,outflow,64900,V000203,Simulated budget execution payment for Transport Department,simulated_system,bank_statement,316246.60000000003,0,0,1,0,0,74,1,1,Low,Routine monitoring,high_activity_department
T000207,2025-04-03,4,A007,Education Fund Account,Bank D,Social Security Department,project_fund_payment,outflow,123869,V000207,Simulated project fund payment for Social Security Department,simulated_system,bank_statement,748920.0,0,0,1,0,0,66,0,0,Low,Routine monitoring,no_major_flag
T000214,2025-04-03,4,A004,Off-budget Fund Account,Bank B,Culture and Tourism Department,inter_fund_transfer,outflow,403395,V000214,Simulated inter fund transfer for Culture and Tourism Department,simulated_system,bank_statement,509918.00000000006,0,1,1,0,0,81,1,3,Medium,Second-level review recommended,high_risk_type; high_activity_department
T000184,2025-04-04,4,A002,Budget Execution Payment Account,Bank A,Emergency Management Department,budget_execution_payment,outflow,180372,V000184,Simulated budget execution payment for Emergency Management Department,simulated_system,bank_statement,316246.60000000003,0,0,1,0,0,70,0,0,Low,Routine monitoring,no_major_flag
T000221,2025-04-04,4,A002,Budget Execution Payment Account,Bank A,Infrastructure Department,budget_execution_payment,outflow,46762,V000221,Simulated budget execution payment for Infrastructure Department,simulated_system,bank_statement,316246.60000000003,0,0,1,0,0,64,0,0,Low,Routine monitoring,no_major_flag
T000225,2025-04-04,4,A011,Inter-fund Transfer Account,Bank F,Culture and Tourism Department,off_budget_fund_transfer,outflow,451614,V000225,Simulated off budget fund transfer for Culture and Tourism Department,simulated_system,bank_statement,446537.6000000001,1,1,1,0,0,81,1,6,High,Immediate review required,large_amount; high_risk_type; high_activity_department
T000179,2025-04-05,4,A010,Temporary Holding Account,Bank E,Social Security Department,off_budget_fund_transfer,outflow,274809,V000179,Simulated off budget fund transfer for Social Security Department,simulated_system,bank_statement,446537.6000000001,0,1,1,0,0,66,0,2,Low,Second-level review recommended,high_risk_type
T000210,2025-04-05,4,A009,Infrastructure Payment Account,Bank E,Environmental Protection Department,non_tax_revenue_collection,inflow,139393,V000210,Simulated non tax revenue collection for Environmental Protection Department,simulated_system,bank_statement,163417.0,0,0,1,0,0,70,0,0,Low,Routine monitoring,no_major_flag
T000223,2025-04-05,4,A008,Health Project Fund Account,Bank D,Education Department,temporary_holding,inflow,26859,V000223,Simulated temporary holding for Education Department,simulated_system,bank_statement,219627.5,0,1,1,0,0,56,0,2,Low,Second-level review recommended,high_risk_type
T000182,2025-04-06,4,A005,Special Fund Account,Bank C,Health Department,off_budget_fund_transfer,inflow,258870,V000182,Simulated off budget fund transfer for Health Department,simulated_system,bank_statement,446537.6000000001,0,1,1,0,0,63,0,2,Low,Second-level review recommended,high_risk_type
T000224,2025-04-06,4,A011,Inter-fund Transfer Account,Bank F,Community Services Department,non_tax_revenue_collection,inflow,108651,V000224,Simulated non tax revenue collection for Community Services Department,simulated_system,bank_statement,163417.0,0,0,1,0,0,57,0,0,Low,Routine monitoring,no_major_flag
T000174,2025-04-07,4,A001,Treasury Main Account,Bank A,Social Security Department,budget_execution_payment,outflow,309910,V000174,Simulated budget execution payment for Social Security Department,simulated_system,bank_statement,316246.60000000003,0,0,1,0,0,66,0,0,Low,Routine monitoring,no_major_flag
T000215,2025-04-11,4,A013,Year-end Settlement Account,Bank G,Emergency Management Department,non_tax_revenue_collection,inflow,87279,V000215,Simulated non tax revenue collection for Emergency Management Department,simulated_system,bank_statement,163417.0,0,0,1,0,0,70,0,0,Low,Routine monitoring,no_major_flag
T000204,2025-04-12,4,A006,Social Security Transfer Account,Bank C,Finance Bureau Internal Unit,non_tax_revenue_collection,inflow,142653,V000204,Simulated non tax revenue collection for Finance Bureau Internal Unit,simulated_system,bank_statement,163417.0,0,0,1,0,0,77,1,1,Low,Routine monitoring,high_activity_department
T000192,2025-04-13,4,A010,Temporary Holding Account,Bank E,Culture and Tourism Department,refund,inflow,56400,V000192,Simulated refund for Culture and Tourism Department,simulated_system,bank_statement,70230.0,0,0,1,0,0,81,1,1,Low,Routine monitoring,high_activity_department
T000209,2025-04-13,4,A002,Budget Execution Payment Account,Bank A,Community Services Department,inter_fund_transfer,outflow,566342,V000209,Simulated inter fund transfer for Community Services Department,simulated_system,bank_statement,509918.00000000006,1,1,1,0,0,57,0,5,Medium,Review transaction amount and supporting documents,large_amount; high_risk_type
T000217,2025-04-13,4,A012,Audit Adjustment Account,Bank F,Health Department,budget_execution_payment,outflow,25744,V000217,Simulated budget execution payment for Health Department,simulated_system,bank_statement,316246.60000000003,0,0,1,0,0,63,0,0,Low,Routine monitoring,no_major_flag
T000175,2025-04-14,4,A012,Audit Adjustment Account,Bank F,Infrastructure Department,budget_execution_payment,outflow,88926,V000175,Simulated budget execution payment for Infrastructure Department,simulated_system,bank_statement,316246.60000000003,0,0,1,0,0,64,0,0,Low,Routine monitoring,no_major_flag
T000177,2025-04-14,4,A002,Budget Execution Payment Account,Bank A,Transport Department,refund,inflow,32254,V000177,Simulated refund for Transport Department,simulated_system,bank_statement,70230.0,0,0,1,0,0,74,1,1,Low,Routine monitoring,high_activity_department
T000200,2025-04-14,4,A004,Off-budget Fund Account,Bank B,Finance Bureau Internal Unit,budget_execution_payment,outflow,199526,V000200,Simulated budget execution payment for Finance Bureau Internal Unit,simulated_system,bank_statement,316246.60000000003,0,0,1,0,0,77,1,1,Low,Routine monitoring,high_activity_department
T000202,2025-04-14,4,A012,Audit Adjustment Account,Bank F,Agriculture Department,inter_fund_transfer,outflow,388252,V000202,Simulated inter fund transfer for Agriculture Department,simulated_system,bank_statement,509918.00000000006,0,1,1,0,0,70,0,2,Low,Second-level review recommended,high_risk_type
T000226,2025-04-14,4,A002,Budget Execution Payment Account,Bank A,Culture and Tourism Department,inter_fund_transfer,inflow,438734,V000226,Simulated inter fund transfer for Culture and Tourism Department,simulated_system,bank_statement,509918.00000000006,0,1,1,0,0,81,1,3,Medium,Second-level review recommended,high_risk_type; high_activity_department
T000190,2025-04-15,4,A007,Education Fund Account,Bank D,Environmental Protection Department,non_tax_revenue_collection,inflow,157456,V000190,Simulated non tax revenue collection for Environmental Protection Department,simulated_system,bank_statement,163417.0,0,0,1,0,0,70,0,0,Low,Routine monitoring,no_major_flag
T000211,2025-04-15,4,A003,Non-tax Revenue Collection Account,Bank B,Transport Department,off_budget_fund_transfer,inflow,259010,V000211,Simulated off budget fund transfer for Transport Department,simulated_system,bank_statement,446537.6000000001,0,1,1,0,0,74,1,3,Medium,Second-level review recommended,high_risk_type; high_activity_department
T000219,2025-04-15,4,A009,Infrastructure Payment Account,Bank E,Social Security Department,budget_execution_payment,outflow,302682,V000219,Simulated budget execution payment for Social Security Department,simulated_system,bank_statement,316246.60000000003,0,0,1,0,0,66,0,0,Low,Routine monitoring,no_major_flag
T000186,2025-04-16,4,A003,Non-tax Revenue Collection Account,Bank B,Infrastructure Department,budget_execution_payment,outflow,228015,V000186,Simulated budget execution payment for Infrastructure Department,simulated_system,bank_statement,316246.60000000003,0,0,1,0,0,64,0,0,Low,Routine monitoring,no_major_flag
T000185,2025-04-17,4,A003,Non-tax Revenue Collection Account,Bank B,Education Department,budget_execution_payment,outflow,326773,V000185,Simulated budget execution payment for Education Department,simulated_system,bank_statement,316246.60000000003,1,0,1,0,0,56,0,3,Medium,Review transaction amount and supporting documents,large_amount
T000222,2025-04-17,4,A009,Infrastructure Payment Account,Bank E,Urban Management Department,budget_execution_payment,outflow,100388,V000222,Simulated budget execution payment for Urban Management Department,simulated_system,bank_statement,316246.60000000003,0,0,1,0,0,64,0,0,Low,Routine monitoring,no_major_flag
T000176,2025-04-18,4,A011,Inter-fund Transfer Account,Bank F,Social Security Department,refund,inflow,78256,V000176,Simulated refund for Social Security Department,simulated_system,bank_statement,70230.0,1,0,1,0,0,66,0,3,Medium,Review transaction amount and supporting documents,large_amount
T000212,2025-04-19,4,A012,Audit Adjustment Account,Bank F,Agriculture Department,inter_fund_transfer,outflow,491249,V000212,Simulated inter fund transfer for Agriculture Department,simulated_system,bank_statement,509918.00000000006,0,1,1,0,0,70,0,2,Low,Second-level review recommended,high_risk_type
T000187,2025-04-20,4,A005,Special Fund Account,Bank C,Emergency Management Department,off_budget_fund_transfer,inflow,310852,V000187,Simulated off budget fund transfer for Emergency Management Department,simulated_system,bank_statement,446537.6000000001,0,1,1,0,0,70,0,2,Low,Second-level review recommended,high_risk_type
T000172,2025-04-21,4,A003,Non-tax Revenue Collection Account,Bank B,Finance Bureau Internal Unit,budget_execution_payment,outflow,302017,V000172,Simulated budget execution payment for Finance Bureau Internal Unit,simulated_system,bank_statement,316246.60000000003,0,0,1,0,0,77,1,1,Low,Routine monitoring,high_activity_department
T000194,2025-04-21,4,A008,Health Project Fund Account,Bank D,Environmental Protection Department,inter_fund_transfer,outflow,432104,V000194,Simulated inter fund transfer for Environmental Protection Department,simulated_system,bank_statement,509918.00000000006,0,1,1,0,0,70,0,2,Low,Second-level review recommended,high_risk_type
T000197,2025-04-21,4,A005,Special Fund Account,Bank C,Infrastructure Department,budget_execution_payment,outflow,132782,V000197,Simulated budget execution payment for Infrastructure Department,simulated_system,bank_statement,316246.60000000003,0,0,1,0,0,64,0,0,Low,Routine monitoring,no_major_flag
T000178,2025-04-22,4,A012,Audit Adjustment Account,Bank F,Agriculture Department,refund,inflow,8397,V000178,Simulated refund for Agriculture Department,simulated_system,bank_statement,70230.0,0,0,1,0,0,70,0,0,Low,Routine monitoring,no_major_flag
T000181,2025-04-22,4,A012,Audit Adjustment Account,Bank F,Emergency Management Department,inter_fund_transfer,inflow,506799,V000181,Simulated inter fund transfer for Emergency Management Department,simulated_system,bank_statement,509918.00000000006,0,1,1,0,0,70,0,2,Low,Second-level review recommended,high_risk_type
T000191,2025-04-23,4,A011,Inter-fund Transfer Account,Bank F,Environmental Protection Department,year_end_settlement,inflow,508336,V000191,Simulated year end settlement for Environmental Protection Department,simulated_system,bank_statement,600508.3,0,1,1,0,0,70,0,2,Low,Second-level review recommended,high_risk_type
T000198,2025-04-23,4,A002,Budget Execution Payment Account,Bank A,Community Services Department,budget_execution_payment,outflow,304890,V000198,Simulated budget execution payment for Community Services Department,simulated_system,bank_statement,316246.60000000003,0,0,1,0,0,57,0,0,Low,Routine monitoring,no_major_flag
T000173,2025-04-24,4,A009,Infrastructure Payment Account,Bank E,Agriculture Department,project_fund_payment,outflow,592601,V000173,Simulated project fund payment for Agriculture Department,simulated_system,bank_statement,748920.0,0,0,1,0,0,70,0,0,Low,Routine monitoring,no_major_flag
T000199,2025-04-24,4,A001,Treasury Main Account,Bank A,Emergency Management Department,off_budget_fund_transfer,inflow,276183,V000199,Simulated off budget fund transfer for Emergency Management Department,simulated_system,bank_statement,446537.6000000001,0,1,1,0,0,70,0,2,Low,Second-level review recommended,high_risk_type
T000201,2025-04-24,4,A010,Temporary Holding Account,Bank E,Social Security Department,budget_execution_payment,outflow,157888,V000201,Simulated budget execution payment for Social Security Department,simulated_system,bank_statement,316246.60000000003,0,0,1,0,0,66,0,0,Low,Routine monitoring,no_major_flag
T000188,2025-04-26,4,A003,Non-tax Revenue Collection Account,Bank B,Education Department,audit_adjustment,outflow,119555,V000188,Simulated audit adjustment for Education Department,simulated_system,bank_statement,100457.59999999999,1,1,1,0,0,56,0,5,Medium,Review transaction amount and supporting documents,large_amount; high_risk_type
T000195,2025-04-26,4,A008,Health Project Fund Account,Bank D,Community Services Department,inter_fund_transfer,outflow,442225,V000195,Simulated inter fund transfer for Community Services Department,simulated_system,bank_statement,509918.00000000006,0,1,1,0,0,57,0,2,Low,Second-level review recommended,high_risk_type
T000171,2025-04-27,4,A007,Education Fund Account,Bank D,Community Services Department,inter_fund_transfer,outflow,100102,V000171,Simulated inter fund transfer for Community Services Department,simulated_system,bank_statement,509918.00000000006,0,1,1,0,0,57,0,2,Low,Second-level review recommended,high_risk_type
T000189,2025-04-27,4,A005,Special Fund Account,Bank C,Health Department,project_fund_payment,outflow,400808,V000189,Simulated project fund payment for Health Department,simulated_system,bank_statement,748920.0,0,0,1,0,0,63,0,0,Low,Routine monitoring,no_major_flag
T000218,2025-04-27,4,A001,Treasury Main Account,Bank A,Urban Management Department,non_tax_revenue_collection,inflow,154765,V000218,Simulated non tax revenue collection for Urban Management Department,simulated_system,bank_statement,163417.0,0,0,1,0,0,64,0,0,Low,Routine monitoring,no_major_flag
T000180,2025-04-28,4,A009,Infrastructure Payment Account,Bank E,Finance Bureau Internal Unit,budget_execution_payment,outflow,27531,V000180,Simulated budget execution payment for Finance Bureau Internal Unit,simulated_system,bank_statement,316246.60000000003,0,0,1,0,0,77,1,1,Low,Routine monitoring,high_activity_department
T000205,2025-04-28,4,A002,Budget Execution Payment Account,Bank A,Transport Department,budget_execution_payment,outflow,168934,V000205,Simulated budget execution payment for Transport Department,simulated_system,bank_statement,316246.60000000003,0,0,1,0,0,74,1,1,Low,Routine monitoring,high_activity_department
T000206,2025-04-29,4,A013,Year-end Settlement Account,Bank G,Transport Department,budget_execution_payment,outflow,177584,V000206,Simulated budget execution payment for Transport Department,simulated_system,bank_statement,316246.60000000003,0,0,1,0,0,74,1,1,Low,Routine monitoring,high_activity_department
T000193,2025-04-30,4,A008,Health Project Fund Account,Bank D,Urban Management Department,off_budget_fund_transfer,outflow,185289,V000193,Simulated off budget fund transfer for Urban Management Department,simulated_system,bank_statement,446537.6000000001,0,1,1,0,0,64,0,2,Low,Second-level review recommended,high_risk_type
T000208,2025-04-30,4,A007,Education Fund Account,Bank D,Emergency Management Department,temporary_holding,inflow,126656,V000208,Simulated temporary holding for Emergency Management Department,simulated_system,bank_statement,219627.5,0,1,1,0,0,70,0,2,Low,Second-level review recommended,high_risk_type
T000213,2025-04-30,4,A011,Inter-fund Transfer Account,Bank F,Transport Department,off_budget_fund_transfer,inflow,279768,V000213,Simulated off budget fund transfer for Transport Department,simulated_system,bank_statement,446537.6000000001,0,1,1,0,0,74,1,3,Medium,Second-level review recommended,high_risk_type; high_activity_department
T000252,2025-05-02,5,A011,Inter-fund Transfer Account,Bank F,Culture and Tourism Department,year_end_settlement,outflow,85745,V000252,Simulated year end settlement for Culture and Tourism Department,simulated_system,bank_statement,600508.3,0,1,1,0,0,81,1,3,Medium,Second-level review recommended,high_risk_type; high_activity_department
T000245,2025-05-03,5,A011,Inter-fund Transfer Account,Bank F,Finance Bureau Internal Unit,budget_execution_payment,outflow,196743,V000245,Simulated budget execution payment for Finance Bureau Internal Unit,simulated_system,bank_statement,316246.60000000003,0,0,1,0,0,77,1,1,Low,Routine monitoring,high_activity_department
T000237,2025-05-04,5,A013,Year-end Settlement Account,Bank G,Finance Bureau Internal Unit,year_end_settlement,outflow,412736,V000237,Simulated year end settlement for Finance Bureau Internal Unit,simulated_system,bank_statement,600508.3,0,1,1,0,0,77,1,3,Medium,Second-level review recommended,high_risk_type; high_activity_department
T000253,2025-05-04,5,A006,Social Security Transfer Account,Bank C,Urban Management Department,inter_fund_transfer,outflow,42601,V000253,Simulated inter fund transfer for Urban Management Department,simulated_system,bank_statement,509918.00000000006,0,1,1,0,0,64,0,2,Low,Second-level review recommended,high_risk_type
T000278,2025-05-04,5,A005,Special Fund Account,Bank C,Health Department,refund,inflow,3813,V000278,Simulated refund for Health Department,simulated_system,bank_statement,70230.0,0,0,1,0,0,63,0,0,Low,Routine monitoring,no_major_flag
T000280,2025-05-04,5,A007,Education Fund Account,Bank D,Community Services Department,audit_adjustment,inflow,61686,V000280,Simulated audit adjustment for Community Services Department,simulated_system,bank_statement,100457.59999999999,0,1,1,0,0,57,0,2,Low,Second-level review recommended,high_risk_type
T000270,2025-05-05,5,A001,Treasury Main Account,Bank A,Environmental Protection Department,temporary_holding,inflow,227400,V000270,Simulated temporary holding for Environmental Protection Department,simulated_system,bank_statement,219627.5,1,1,1,0,0,70,0,5,Medium,Review transaction amount and supporting documents,large_amount; high_risk_type
T000239,2025-05-06,5,A001,Treasury Main Account,Bank A,Community Services Department,budget_execution_payment,outflow,40808,V000239,Simulated budget execution payment for Community Services Department,simulated_system,bank_statement,316246.60000000003,0,0,1,0,0,57,0,0,Low,Routine monitoring,no_major_flag
T000249,2025-05-06,5,A007,Education Fund Account,Bank D,Agriculture Department,off_budget_fund_transfer,outflow,319220,V000249,Simulated off budget fund transfer for Agriculture Department,simulated_system,bank_statement,446537.6000000001,0,1,1,0,0,70,0,2,Low,Second-level review recommended,high_risk_type
T000286,2025-05-06,5,A002,Budget Execution Payment Account,Bank A,Health Department,temporary_holding,inflow,23261,V000286,Simulated temporary holding for Health Department,simulated_system,bank_statement,219627.5,0,1,1,0,0,63,0,2,Low,Second-level review recommended,high_risk_type
T000258,2025-05-07,5,A007,Education Fund Account,Bank D,Emergency Management Department,non_tax_revenue_collection,inflow,47998,V000258,Simulated non tax revenue collection for Emergency Management Department,simulated_system,bank_statement,163417.0,0,0,1,0,0,70,0,0,Low,Routine monitoring,no_major_flag
T000228,2025-05-08,5,A011,Inter-fund Transfer Account,Bank F,Urban Management Department,refund,inflow,44727,V000228,Simulated refund for Urban Management Department,simulated_system,bank_statement,70230.0,0,0,1,0,0,64,0,0,Low,Routine monitoring,no_major_flag
T000269,2025-05-08,5,A002,Budget Execution Payment Account,Bank A,Infrastructure Department,off_budget_fund_transfer,outflow,423605,V000269,Simulated off budget fund transfer for Infrastructure Department,simulated_system,bank_statement,446537.6000000001,0,1,1,0,0,64,0,2,Low,Second-level review recommended,high_risk_type
T000235,2025-05-09,5,A012,Audit Adjustment Account,Bank F,Community Services Department,non_tax_revenue_collection,inflow,37402,V000235,Simulated non tax revenue collection for Community Services Department,simulated_system,bank_statement,163417.0,0,0,1,0,0,57,0,0,Low,Routine monitoring,no_major_flag
T000238,2025-05-09,5,A008,Health Project Fund Account,Bank D,Infrastructure Department,non_tax_revenue_collection,inflow,161671,V000238,Simulated non tax revenue collection for Infrastructure Department,simulated_system,bank_statement,163417.0,0,0,1,0,0,64,0,0,Low,Routine monitoring,no_major_flag
T000246,2025-05-09,5,A006,Social Security Transfer Account,Bank C,Education Department,project_fund_payment,outflow,361573,V000246,Simulated project fund payment for Education Department,simulated_system,bank_statement,748920.0,0,0,1,0,0,56,0,0,Low,Routine monitoring,no_major_flag
T000272,2025-05-09,5,A010,Temporary Holding Account,Bank E,Infrastructure Department,non_tax_revenue_collection,inflow,123639,V000272,Simulated non tax revenue collection for Infrastructure Department,simulated_system,bank_statement,163417.0,0,0,1,0,0,64,0,0,Low,Routine monitoring,no_major_flag
T000274,2025-05-09,5,A003,Non-tax Revenue Collection Account,Bank B,Urban Management Department,year_end_settlement,inflow,186989,V000274,Simulated year end settlement for Urban Management Department,simulated_system,bank_statement,600508.3,0,1,1,0,0,64,0,2,Low,Second-level review recommended,high_risk_type
T000229,2025-05-11,5,A006,Social Security Transfer Account,Bank C,Infrastructure Department,refund,inflow,3381,V000229,Simulated refund for Infrastructure Department,simulated_system,bank_statement,70230.0,0,0,1,0,0,64,0,0,Low,Routine monitoring,no_major_flag
T000271,2025-05-11,5,A004,Off-budget Fund Account,Bank B,Urban Management Department,budget_execution_payment,outflow,265300,V000271,Simulated budget execution payment for Urban Management Department,simulated_system,bank_statement,316246.60000000003,0,0,1,0,0,64,0,0,Low,Routine monitoring,no_major_flag
T000244,2025-05-12,5,A008,Health Project Fund Account,Bank D,Community Services Department,off_budget_fund_transfer,inflow,181165,V000244,Simulated off budget fund transfer for Community Services Department,simulated_system,bank_statement,446537.6000000001,0,1,1,0,0,57,0,2,Low,Second-level review recommended,high_risk_type
T000254,2025-05-12,5,A007,Education Fund Account,Bank D,Emergency Management Department,budget_execution_payment,outflow,256994,V000254,Simulated budget execution payment for Emergency Management Department,simulated_system,bank_statement,316246.60000000003,0,0,1,0,0,70,0,0,Low,Routine monitoring,no_major_flag
T000262,2025-05-12,5,A004,Off-budget Fund Account,Bank B,Agriculture Department,budget_execution_payment,outflow,228859,V000262,Simulated budget execution payment for Agriculture Department,simulated_system,bank_statement,316246.60000000003,0,0,1,0,0,70,0,0,Low,Routine monitoring,no_major_flag
T000230,2025-05-13,5,A009,Infrastructure Payment Account,Bank E,Environmental Protection Department,budget_execution_payment,outflow,136185,V000230,Simulated budget execution payment for Environmental Protection Department,simulated_system,bank_statement,316246.60000000003,0,0,1,0,0,70,0,0,Low,Routine monitoring,no_major_flag
T000268,2025-05-14,5,A007,Education Fund Account,Bank D,Health Department,temporary_holding,inflow,36400,V000268,Simulated temporary holding for Health Department,simulated_system,bank_statement,219627.5,0,1,1,0,0,63,0,2,Low,Second-level review recommended,high_risk_type
T000279,2025-05-14,5,A005,Special Fund Account,Bank C,Emergency Management Department,non_tax_revenue_collection,inflow,86132,V000279,Simulated non tax revenue collection for Emergency Management Department,simulated_system,bank_statement,163417.0,0,0,1,0,0,70,0,0,Low,Routine monitoring,no_major_flag
T000259,2025-05-16,5,A003,Non-tax Revenue Collection Account,Bank B,Culture and Tourism Department,budget_execution_payment,outflow,113330,V000259,Simulated budget execution payment for Culture and Tourism Department,simulated_system,bank_statement,316246.60000000003,0,0,1,0,0,81,1,1,Low,Routine monitoring,high_activity_department
T000282,2025-05-16,5,A011,Inter-fund Transfer Account,Bank F,Health Department,project_fund_payment,outflow,136346,V000282,Simulated project fund payment for Health Department,simulated_system,bank_statement,748920.0,0,0,1,0,0,63,0,0,Low,Routine monitoring,no_major_flag
T000234,2025-05-17,5,A004,Off-budget Fund Account,Bank B,Culture and Tourism Department,budget_execution_payment,outflow,309061,V000234,Simulated budget execution payment for Culture and Tourism Department,simulated_system,bank_statement,316246.60000000003,0,0,1,0,0,81,1,1,Low,Routine monitoring,high_activity_department
T000242,2025-05-17,5,A009,Infrastructure Payment Account,Bank E,Transport Department,budget_execution_payment,outflow,202885,V000242,Simulated budget execution payment for Transport Department,simulated_system,bank_statement,316246.60000000003,0,0,1,0,0,74,1,1,Low,Routine monitoring,high_activity_department
T000248,2025-05-17,5,A002,Budget Execution Payment Account,Bank A,Health Department,refund,inflow,13033,V000248,Simulated refund for Health Department,simulated_system,bank_statement,70230.0,0,0,1,0,0,63,0,0,Low,Routine monitoring,no_major_flag
T000281,2025-05-17,5,A013,Year-end Settlement Account,Bank G,Urban Management Department,refund,inflow,12278,V000281,Simulated refund for Urban Management Department,simulated_system,bank_statement,70230.0,0,0,1,0,0,64,0,0,Low,Routine monitoring,no_major_flag
T000283,2025-05-17,5,A012,Audit Adjustment Account,Bank F,Finance Bureau Internal Unit,budget_execution_payment,outflow,102409,V000283,Simulated budget execution payment for Finance Bureau Internal Unit,simulated_system,bank_statement,316246.60000000003,0,0,1,0,0,77,1,1,Low,Routine monitoring,high_activity_department
T000276,2025-05-20,5,A009,Infrastructure Payment Account,Bank E,Infrastructure Department,refund,inflow,63842,V000276,Simulated refund for Infrastructure Department,simulated_system,bank_statement,70230.0,0,0,1,0,0,64,0,0,Low,Routine monitoring,no_major_flag
T000255,2025-05-21,5,A012,Audit Adjustment Account,Bank F,Infrastructure Department,off_budget_fund_transfer,outflow,130755,V000255,Simulated off budget fund transfer for Infrastructure Department,simulated_system,bank_statement,446537.6000000001,0,1,1,0,0,64,0,2,Low,Second-level review recommended,high_risk_type
T000284,2025-05-21,5,A012,Audit Adjustment Account,Bank F,Health Department,budget_execution_payment,outflow,105178,V000284,Simulated budget execution payment for Health Department,simulated_system,bank_statement,316246.60000000003,0,0,1,0,0,63,0,0,Low,Routine monitoring,no_major_flag
T000232,2025-05-22,5,A010,Temporary Holding Account,Bank E,Social Security Department,off_budget_fund_transfer,outflow,150263,V000232,Simulated off budget fund transfer for Social Security Department,simulated_system,bank_statement,446537.6000000001,0,1,1,0,0,66,0,2,Low,Second-level review recommended,high_risk_type
T000241,2025-05-22,5,A002,Budget Execution Payment Account,Bank A,Agriculture Department,project_fund_payment,outflow,338816,V000241,Simulated project fund payment for Agriculture Department,simulated_system,bank_statement,748920.0,0,0,1,0,0,70,0,0,Low,Routine monitoring,no_major_flag
T000285,2025-05-22,5,A012,Audit Adjustment Account,Bank F,Community Services Department,non_tax_revenue_collection,inflow,86982,V000285,Simulated non tax revenue collection for Community Services Department,simulated_system,bank_statement,163417.0,0,0,1,0,0,57,0,0,Low,Routine monitoring,no_major_flag
T000233,2025-05-23,5,A011,Inter-fund Transfer Account,Bank F,Health Department,refund,inflow,76763,V000233,Simulated refund for Health Department,simulated_system,bank_statement,70230.0,1,0,1,0,0,63,0,3,Medium,Review transaction amount and supporting documents,large_amount
T000251,2025-05-23,5,A013,Year-end Settlement Account,Bank G,Agriculture Department,non_tax_revenue_collection,inflow,43870,V000251,Simulated non tax revenue collection for Agriculture Department,simulated_system,bank_statement,163417.0,0,0,1,0,0,70,0,0,Low,Routine monitoring,no_major_flag
T000267,2025-05-23,5,A008,Health Project Fund Account,Bank D,Education Department,project_fund_payment,outflow,142268,V000267,Simulated project fund payment for Education Department,simulated_system,bank_statement,748920.0,0,0,1,0,0,56,0,0,Low,Routine monitoring,no_major_flag
T000260,2025-05-24,5,A002,Budget Execution Payment Account,Bank A,Environmental Protection Department,refund,inflow,49068,V000260,Simulated refund for Environmental Protection Department,simulated_system,bank_statement,70230.0,0,0,1,0,0,70,0,0,Low,Routine monitoring,no_major_flag
T000273,2025-05-24,5,A013,Year-end Settlement Account,Bank G,Social Security Department,budget_execution_payment,outflow,142332,V000273,Simulated budget execution payment for Social Security Department,simulated_system,bank_statement,316246.60000000003,0,0,1,0,0,66,0,0,Low,Routine monitoring,no_major_flag
T000275,2025-05-24,5,A007,Education Fund Account,Bank D,Emergency Management Department,off_budget_fund_transfer,inflow,494507,V000275,Simulated off budget fund transfer for Emergency Management Department,simulated_system,bank_statement,446537.6000000001,1,1,1,0,0,70,0,5,Medium,Review transaction amount and supporting documents,large_amount; high_risk_type
T000236,2025-05-26,5,A010,Temporary Holding Account,Bank E,Culture and Tourism Department,audit_adjustment,outflow,109944,V000236,Simulated audit adjustment for Culture and Tourism Department,simulated_system,bank_statement,100457.59999999999,1,1,1,0,0,81,1,6,High,Immediate review required,large_amount; high_risk_type; high_activity_department
T000256,2025-05-26,5,A008,Health Project Fund Account,Bank D,Emergency Management Department,non_tax_revenue_collection,inflow,68232,V000256,Simulated non tax revenue collection for Emergency Management Department,simulated_system,bank_statement,163417.0,0,0,1,0,0,70,0,0,Low,Routine monitoring,no_major_flag
T000263,2025-05-27,5,A011,Inter-fund Transfer Account,Bank F,Agriculture Department,budget_execution_payment,outflow,237583,V000263,Simulated budget execution payment for Agriculture Department,simulated_system,bank_statement,316246.60000000003,0,0,1,0,0,70,0,0,Low,Routine monitoring,no_major_flag
T000266,2025-05-27,5,A005,Special Fund Account,Bank C,Finance Bureau Internal Unit,refund,inflow,21873,V000266,Simulated refund for Finance Bureau Internal Unit,simulated_system,bank_statement,70230.0,0,0,1,0,0,77,1,1,Low,Routine monitoring,high_activity_department
T000277,2025-05-27,5,A008,Health Project Fund Account,Bank D,Social Security Department,project_fund_payment,outflow,751160,V000277,Simulated project fund payment for Social Security Department,simulated_system,bank_statement,748920.0,1,0,1,0,0,66,0,3,Medium,Review transaction amount and supporting documents,large_amount
T000240,2025-05-28,5,A003,Non-tax Revenue Collection Account,Bank B,Agriculture Department,audit_adjustment,inflow,24554,V000240,Simulated audit adjustment for Agriculture Department,simulated_system,bank_statement,100457.59999999999,0,1,1,0,0,70,0,2,Low,Second-level review recommended,high_risk_type
T000243,2025-05-28,5,A005,Special Fund Account,Bank C,Emergency Management Department,budget_execution_payment,outflow,259719,V000243,Simulated budget execution payment for Emergency Management Department,simulated_system,bank_statement,316246.60000000003,0,0,1,0,0,70,0,0,Low,Routine monitoring,no_major_flag
T000247,2025-05-28,5,A006,Social Security Transfer Account,Bank C,Community Services Department,year_end_settlement,outflow,299150,V000247,Simulated year end settlement for Community Services Department,simulated_system,bank_statement,600508.3,0,1,1,0,0,57,0,2,Low,Second-level review recommended,high_risk_type
T000257,2025-05-29,5,A011,Inter-fund Transfer Account,Bank F,Social Security Department,project_fund_payment,outflow,207608,V000257,Simulated project fund payment for Social Security Department,simulated_system,bank_statement,748920.0,0,0,1,0,0,66,0,0,Low,Routine monitoring,no_major_flag
T000227,2025-05-30,5,A010,Temporary Holding Account,Bank E,Finance Bureau Internal Unit,budget_execution_payment,outflow,69847,V000227,Simulated budget execution payment for Finance Bureau Internal Unit,simulated_system,bank_statement,316246.60000000003,0,0,1,0,0,77,1,1,Low,Routine monitoring,high_activity_department
T000231,2025-05-30,5,A004,Off-budget Fund Account,Bank B,Urban Management Department,off_budget_fund_transfer,inflow,438808,V000231,Simulated off budget fund transfer for Urban Management Department,simulated_system,bank_statement,446537.6000000001,0,1,1,0,0,64,0,2,Low,Second-level review recommended,high_risk_type
T000261,2025-05-30,5,A013,Year-end Settlement Account,Bank G,Finance Bureau Internal Unit,non_tax_revenue_collection,inflow,42044,V000261,Simulated non tax revenue collection for Finance Bureau Internal Unit,simulated_system,bank_statement,163417.0,0,0,1,0,0,77,1,1,Low,Routine monitoring,high_activity_department
T000250,2025-05-31,5,A012,Audit Adjustment Account,Bank F,Transport Department,year_end_settlement,outflow,138042,V000250,Simulated year end settlement for Transport Department,simulated_system,bank_statement,600508.3,0,1,1,0,0,74,1,3,Medium,Second-level review recommended,high_risk_type; high_activity_department
T000264,2025-05-31,5,A011,Inter-fund Transfer Account,Bank F,Finance Bureau Internal Unit,refund,inflow,32881,V000264,Simulated refund for Finance Bureau Internal Unit,simulated_system,bank_statement,70230.0,0,0,1,0,0,77,1,1,Low,Routine monitoring,high_activity_department
T000265,2025-05-31,5,A002,Budget Execution Payment Account,Bank A,Finance Bureau Internal Unit,budget_execution_payment,outflow,279904,V000265,Simulated budget execution payment for Finance Bureau Internal Unit,simulated_system,bank_statement,316246.60000000003,0,0,1,0,0,77,1,1,Low,Routine monitoring,high_activity_department
T000369,2025-06-01,6,A003,Non-tax Revenue Collection Account,Bank B,Infrastructure Department,inter_fund_transfer,outflow,499809,V000369,Simulated inter fund transfer for Infrastructure Department,simulated_system,bank_statement,509918.00000000006,0,1,1,0,0,64,0,2,Low,Second-level review recommended,high_risk_type
T000317,2025-06-02,6,A009,Infrastructure Payment Account,Bank E,Health Department,non_tax_revenue_collection,inflow,170386,V000317,Simulated non tax revenue collection for Health Department,simulated_system,bank_statement,163417.0,1,0,1,0,0,63,0,3,Medium,Review transaction amount and supporting documents,large_amount
T000333,2025-06-02,6,A011,Inter-fund Transfer Account,Bank F,Agriculture Department,budget_execution_payment,outflow,21051,V000333,Simulated budget execution payment for Agriculture Department,simulated_system,bank_statement,316246.60000000003,0,0,1,0,0,70,0,0,Low,Routine monitoring,no_major_flag
T000363,2025-06-02,6,A007,Education Fund Account,Bank D,Emergency Management Department,budget_execution_payment,outflow,64331,V000363,Simulated budget execution payment for Emergency Management Department,simulated_system,bank_statement,316246.60000000003,0,0,1,0,0,70,0,0,Low,Routine monitoring,no_major_flag
T000364,2025-06-02,6,A008,Health Project Fund Account,Bank D,Community Services Department,non_tax_revenue_collection,inflow,133180,V000364,Simulated non tax revenue collection for Community Services Department,simulated_system,bank_statement,163417.0,0,0,1,0,0,57,0,0,Low,Routine monitoring,no_major_flag
T000289,2025-06-03,6,A013,Year-end Settlement Account,Bank G,Culture and Tourism Department,budget_execution_payment,outflow,79500,V000289,Simulated budget execution payment for Culture and Tourism Department,simulated_system,bank_statement,316246.60000000003,0,0,1,0,0,81,1,1,Low,Routine monitoring,high_activity_department
T000337,2025-06-03,6,A011,Inter-fund Transfer Account,Bank F,Transport Department,budget_execution_payment,outflow,200494,V000337,Simulated budget execution payment for Transport Department,simulated_system,bank_statement,316246.60000000003,0,0,1,0,0,74,1,1,Low,Routine monitoring,high_activity_department
T000356,2025-06-03,6,A003,Non-tax Revenue Collection Account,Bank B,Community Services Department,project_fund_payment,outflow,682585,V000356,Simulated project fund payment for Community Services Department,simulated_system,bank_statement,748920.0,0,0,1,0,0,57,0,0,Low,Routine monitoring,no_major_flag
T000349,2025-06-04,6,A009,Infrastructure Payment Account,Bank E,Environmental Protection Department,budget_execution_payment,outflow,198173,V000349,Simulated budget execution payment for Environmental Protection Department,simulated_system,bank_statement,316246.60000000003,0,0,1,0,0,70,0,0,Low,Routine monitoring,no_major_flag
T000353,2025-06-04,6,A013,Year-end Settlement Account,Bank G,Education Department,refund,inflow,23438,V000353,Simulated refund for Education Department,simulated_system,bank_statement,70230.0,0,0,1,0,0,56,0,0,Low,Routine monitoring,no_major_flag
T000315,2025-06-07,6,A009,Infrastructure Payment Account,Bank E,Community Services Department,refund,inflow,24250,V000315,Simulated refund for Community Services Department,simulated_system,bank_statement,70230.0,0,0,1,0,0,57,0,0,Low,Routine monitoring,no_major_flag
T000350,2025-06-07,6,A009,Infrastructure Payment Account,Bank E,Environmental Protection Department,budget_execution_payment,outflow,335143,V000350,Simulated budget execution payment for Environmental Protection Department,simulated_system,bank_statement,316246.60000000003,1,0,1,0,0,70,0,3,Medium,Review transaction amount and supporting documents,large_amount
T000306,2025-06-08,6,A011,Inter-fund Transfer Account,Bank F,Agriculture Department,off_budget_fund_transfer,outflow,108278,V000306,Simulated off budget fund transfer for Agriculture Department,simulated_system,bank_statement,446537.6000000001,0,1,1,0,0,70,0,2,Low,Second-level review recommended,high_risk_type
T000314,2025-06-08,6,A009,Infrastructure Payment Account,Bank E,Transport Department,inter_fund_transfer,outflow,390250,V000314,Simulated inter fund transfer for Transport Department,simulated_system,bank_statement,509918.00000000006,0,1,1,0,0,74,1,3,Medium,Second-level review recommended,high_risk_type; high_activity_department
T000334,2025-06-09,6,A012,Audit Adjustment Account,Bank F,Social Security Department,budget_execution_payment,outflow,246256,V000334,Simulated budget execution payment for Social Security Department,simulated_system,bank_statement,316246.60000000003,0,0,1,0,0,66,0,0,Low,Routine monitoring,no_major_flag
T000307,2025-06-10,6,A012,Audit Adjustment Account,Bank F,Infrastructure Department,refund,inflow,16908,V000307,Simulated refund for Infrastructure Department,simulated_system,bank_statement,70230.0,0,0,1,0,0,64,0,0,Low,Routine monitoring,no_major_flag
T000320,2025-06-10,6,A001,Treasury Main Account,Bank A,Environmental Protection Department,budget_execution_payment,outflow,65541,V000320,Simulated budget execution payment for Environmental Protection Department,simulated_system,bank_statement,316246.60000000003,0,0,1,0,0,70,0,0,Low,Routine monitoring,no_major_flag
T000360,2025-06-10,6,A001,Treasury Main Account,Bank A,Urban Management Department,refund,inflow,14748,V000360,Simulated refund for Urban Management Department,simulated_system,bank_statement,70230.0,0,0,1,0,0,64,0,0,Low,Routine monitoring,no_major_flag
T000313,2025-06-11,6,A009,Infrastructure Payment Account,Bank E,Transport Department,budget_execution_payment,outflow,223834,V000313,Simulated budget execution payment for Transport Department,simulated_system,bank_statement,316246.60000000003,0,0,1,0,0,74,1,1,Low,Routine monitoring,high_activity_department
T000366,2025-06-11,6,A010,Temporary Holding Account,Bank E,Community Services Department,non_tax_revenue_collection,inflow,46777,V000366,Simulated non tax revenue collection for Community Services Department,simulated_system,bank_statement,163417.0,0,0,1,0,0,57,0,0,Low,Routine monitoring,no_major_flag
T000297,2025-06-12,6,A007,Education Fund Account,Bank D,Finance Bureau Internal Unit,budget_execution_payment,outflow,71717,V000297,Simulated budget execution payment for Finance Bureau Internal Unit,simulated_system,bank_statement,316246.60000000003,0,0,1,0,0,77,1,1,Low,Routine monitoring,high_activity_department
T000318,2025-06-12,6,A005,Special Fund Account,Bank C,Environmental Protection Department,year_end_settlement,outflow,215639,V000318,Simulated year end settlement for Environmental Protection Department,simulated_system,bank_statement,600508.3,0,1,1,0,0,70,0,2,Low,Second-level review recommended,high_risk_type
T000322,2025-06-12,6,A013,Year-end Settlement Account,Bank G,Transport Department,off_budget_fund_transfer,outflow,241144,V000322,Simulated off budget fund transfer for Transport Department,simulated_system,bank_statement,446537.6000000001,0,1,1,0,0,74,1,3,Medium,Second-level review recommended,high_risk_type; high_activity_department
T000288,2025-06-13,6,A010,Temporary Holding Account,Bank E,Culture and Tourism Department,temporary_holding,inflow,212904,V000288,Simulated temporary holding for Culture and Tourism Department,simulated_system,bank_statement,219627.5,0,1,1,0,0,81,1,3,Medium,Second-level review recommended,high_risk_type; high_activity_department
T000326,2025-06-13,6,A010,Temporary Holding Account,Bank E,Emergency Management Department,budget_execution_payment,outflow,204844,V000326,Simulated budget execution payment for Emergency Management Department,simulated_system,bank_statement,316246.60000000003,0,0,1,0,0,70,0,0,Low,Routine monitoring,no_major_flag
T000344,2025-06-13,6,A012,Audit Adjustment Account,Bank F,Environmental Protection Department,budget_execution_payment,outflow,63618,V000344,Simulated budget execution payment for Environmental Protection Department,simulated_system,bank_statement,316246.60000000003,0,0,1,0,0,70,0,0,Low,Routine monitoring,no_major_flag
T000374,2025-06-13,6,A006,Social Security Transfer Account,Bank C,Community Services Department,budget_execution_payment,outflow,348615,V000374,Simulated budget execution payment for Community Services Department,simulated_system,bank_statement,316246.60000000003,1,0,1,0,0,57,0,3,Medium,Review transaction amount and supporting documents,large_amount
T000330,2025-06-14,6,A010,Temporary Holding Account,Bank E,Finance Bureau Internal Unit,budget_execution_payment,outflow,301836,V000330,Simulated budget execution payment for Finance Bureau Internal Unit,simulated_system,bank_statement,316246.60000000003,0,0,1,0,0,77,1,1,Low,Routine monitoring,high_activity_department
T000371,2025-06-14,6,A001,Treasury Main Account,Bank A,Social Security Department,inter_fund_transfer,outflow,158261,V000371,Simulated inter fund transfer for Social Security Department,simulated_system,bank_statement,509918.00000000006,0,1,1,0,0,66,0,2,Low,Second-level review recommended,high_risk_type
T000312,2025-06-15,6,A004,Off-budget Fund Account,Bank B,Environmental Protection Department,project_fund_payment,outflow,89104,V000312,Simulated project fund payment for Environmental Protection Department,simulated_system,bank_statement,748920.0,0,0,1,0,0,70,0,0,Low,Routine monitoring,no_major_flag
T000339,2025-06-15,6,A003,Non-tax Revenue Collection Account,Bank B,Finance Bureau Internal Unit,off_budget_fund_transfer,inflow,84195,V000339,Simulated off budget fund transfer for Finance Bureau Internal Unit,simulated_system,bank_statement,446537.6000000001,0,1,1,0,0,77,1,3,Medium,Second-level review recommended,high_risk_type; high_activity_department
T000346,2025-06-15,6,A009,Infrastructure Payment Account,Bank E,Urban Management Department,non_tax_revenue_collection,inflow,27553,V000346,Simulated non tax revenue collection for Urban Management Department,simulated_system,bank_statement,163417.0,0,0,1,0,0,64,0,0,Low,Routine monitoring,no_major_flag
T000362,2025-06-15,6,A013,Year-end Settlement Account,Bank G,Finance Bureau Internal Unit,project_fund_payment,outflow,556995,V000362,Simulated project fund payment for Finance Bureau Internal Unit,simulated_system,bank_statement,748920.0,0,0,1,0,0,77,1,1,Low,Routine monitoring,high_activity_department
T000308,2025-06-16,6,A008,Health Project Fund Account,Bank D,Urban Management Department,budget_execution_payment,outflow,114715,V000308,Simulated budget execution payment for Urban Management Department,simulated_system,bank_statement,316246.60000000003,0,0,1,0,0,64,0,0,Low,Routine monitoring,no_major_flag
T000335,2025-06-16,6,A005,Special Fund Account,Bank C,Health Department,inter_fund_transfer,outflow,155639,V000335,Simulated inter fund transfer for Health Department,simulated_system,bank_statement,509918.00000000006,0,1,1,0,0,63,0,2,Low,Second-level review recommended,high_risk_type
T000291,2025-06-17,6,A012,Audit Adjustment Account,Bank F,Community Services Department,project_fund_payment,outflow,114925,V000291,Simulated project fund payment for Community Services Department,simulated_system,bank_statement,748920.0,0,0,1,0,0,57,0,0,Low,Routine monitoring,no_major_flag
T000294,2025-06-17,6,A003,Non-tax Revenue Collection Account,Bank B,Culture and Tourism Department,project_fund_payment,outflow,211081,V000294,Simulated project fund payment for Culture and Tourism Department,simulated_system,bank_statement,748920.0,0,0,1,0,0,81,1,1,Low,Routine monitoring,high_activity_department
T000303,2025-06-17,6,A005,Special Fund Account,Bank C,Agriculture Department,project_fund_payment,outflow,474671,V000303,Simulated project fund payment for Agriculture Department,simulated_system,bank_statement,748920.0,0,0,1,0,0,70,0,0,Low,Routine monitoring,no_major_flag
T000323,2025-06-17,6,A013,Year-end Settlement Account,Bank G,Urban Management Department,budget_execution_payment,outflow,143728,V000323,Simulated budget execution payment for Urban Management Department,simulated_system,bank_statement,316246.60000000003,0,0,1,0,0,64,0,0,Low,Routine monitoring,no_major_flag
T000328,2025-06-17,6,A006,Social Security Transfer Account,Bank C,Culture and Tourism Department,temporary_holding,inflow,197902,V000328,Simulated temporary holding for Culture and Tourism Department,simulated_system,bank_statement,219627.5,0,1,1,0,0,81,1,3,Medium,Second-level review recommended,high_risk_type; high_activity_department
T000357,2025-06-17,6,A003,Non-tax Revenue Collection Account,Bank B,Infrastructure Department,audit_adjustment,inflow,91895,V000357,Simulated audit adjustment for Infrastructure Department,simulated_system,bank_statement,100457.59999999999,0,1,1,0,0,64,0,2,Low,Second-level review recommended,high_risk_type
T000327,2025-06-18,6,A013,Year-end Settlement Account,Bank G,Community Services Department,non_tax_revenue_collection,inflow,108751,V000327,Simulated non tax revenue collection for Community Services Department,simulated_system,bank_statement,163417.0,0,0,1,0,0,57,0,0,Low,Routine monitoring,no_major_flag
T000287,2025-06-19,6,A011,Inter-fund Transfer Account,Bank F,Infrastructure Department,temporary_holding,inflow,73059,V000287,Simulated temporary holding for Infrastructure Department,simulated_system,bank_statement,219627.5,0,1,1,0,0,64,0,2,Low,Second-level review recommended,high_risk_type
T000292,2025-06-19,6,A006,Social Security Transfer Account,Bank C,Agriculture Department,budget_execution_payment,outflow,198933,V000292,Simulated budget execution payment for Agriculture Department,simulated_system,bank_statement,316246.60000000003,0,0,1,0,0,70,0,0,Low,Routine monitoring,no_major_flag
T000293,2025-06-19,6,A007,Education Fund Account,Bank D,Agriculture Department,budget_execution_payment,outflow,181121,V000293,Simulated budget execution payment for Agriculture Department,simulated_system,bank_statement,316246.60000000003,0,0,1,0,0,70,0,0,Low,Routine monitoring,no_major_flag
T000309,2025-06-19,6,A010,Temporary Holding Account,Bank E,Finance Bureau Internal Unit,non_tax_revenue_collection,inflow,101393,V000309,Simulated non tax revenue collection for Finance Bureau Internal Unit,simulated_system,bank_statement,163417.0,0,0,1,0,0,77,1,1,Low,Routine monitoring,high_activity_department
T000332,2025-06-19,6,A001,Treasury Main Account,Bank A,Community Services Department,budget_execution_payment,outflow,237314,V000332,Simulated budget execution payment for Community Services Department,simulated_system,bank_statement,316246.60000000003,0,0,1,0,0,57,0,0,Low,Routine monitoring,no_major_flag
T000361,2025-06-19,6,A003,Non-tax Revenue Collection Account,Bank B,Culture and Tourism Department,temporary_holding,inflow,26428,V000361,Simulated temporary holding for Culture and Tourism Department,simulated_system,bank_statement,219627.5,0,1,1,0,0,81,1,3,Medium,Second-level review recommended,high_risk_type; high_activity_department
T000372,2025-06-19,6,A013,Year-end Settlement Account,Bank G,Culture and Tourism Department,project_fund_payment,outflow,765879,V000372,Simulated project fund payment for Culture and Tourism Department,simulated_system,bank_statement,748920.0,1,0,1,0,0,81,1,4,Medium,Review transaction amount and supporting documents,large_amount; high_activity_department
T000329,2025-06-20,6,A011,Inter-fund Transfer Account,Bank F,Education Department,off_budget_fund_transfer,outflow,339718,V000329,Simulated off budget fund transfer for Education Department,simulated_system,bank_statement,446537.6000000001,0,1,1,0,0,56,0,2,Low,Second-level review recommended,high_risk_type
T000373,2025-06-20,6,A003,Non-tax Revenue Collection Account,Bank B,Culture and Tourism Department,off_budget_fund_transfer,inflow,459850,V000373,Simulated off budget fund transfer for Culture and Tourism Department,simulated_system,bank_statement,446537.6000000001,1,1,1,0,0,81,1,6,High,Immediate review required,large_amount; high_risk_type; high_activity_department
T000377,2025-06-20,6,A012,Audit Adjustment Account,Bank F,Social Security Department,project_fund_payment,outflow,319515,V000377,Simulated project fund payment for Social Security Department,simulated_system,bank_statement,748920.0,0,0,1,0,0,66,0,0,Low,Routine monitoring,no_major_flag
T000378,2025-06-20,6,A002,Budget Execution Payment Account,Bank A,Urban Management Department,budget_execution_payment,outflow,168955,V000378,Simulated budget execution payment for Urban Management Department,simulated_system,bank_statement,316246.60000000003,0,0,1,0,0,64,0,0,Low,Routine monitoring,no_major_flag
T000379,2025-06-20,6,A009,Infrastructure Payment Account,Bank E,Environmental Protection Department,budget_execution_payment,outflow,138920,V000379,Simulated budget execution payment for Environmental Protection Department,simulated_system,bank_statement,316246.60000000003,0,0,1,0,0,70,0,0,Low,Routine monitoring,no_major_flag
T000380,2025-06-20,6,A009,Infrastructure Payment Account,Bank E,Agriculture Department,budget_execution_payment,outflow,21466,V000380,Simulated budget execution payment for Agriculture Department,simulated_system,bank_statement,316246.60000000003,0,0,1,0,0,70,0,0,Low,Routine monitoring,no_major_flag
T000301,2025-06-21,6,A010,Temporary Holding Account,Bank E,Emergency Management Department,refund,inflow,78674,V000301,Simulated refund for Emergency Management Department,simulated_system,bank_statement,70230.0,1,0,1,0,0,70,0,3,Medium,Review transaction amount and supporting documents,large_amount
T000310,2025-06-21,6,A005,Special Fund Account,Bank C,Transport Department,budget_execution_payment,outflow,130130,V000310,Simulated budget execution payment for Transport Department,simulated_system,bank_statement,316246.60000000003,0,0,1,0,0,74,1,1,Low,Routine monitoring,high_activity_department
T000331,2025-06-21,6,A013,Year-end Settlement Account,Bank G,Urban Management Department,temporary_holding,inflow,117228,V000331,Simulated temporary holding for Urban Management Department,simulated_system,bank_statement,219627.5,0,1,1,0,0,64,0,2,Low,Second-level review recommended,high_risk_type
T000376,2025-06-21,6,A001,Treasury Main Account,Bank A,Education Department,project_fund_payment,outflow,207753,V000376,Simulated project fund payment for Education Department,simulated_system,bank_statement,748920.0,0,0,1,0,0,56,0,0,Low,Routine monitoring,no_major_flag
T000304,2025-06-22,6,A010,Temporary Holding Account,Bank E,Emergency Management Department,project_fund_payment,outflow,208598,V000304,Simulated project fund payment for Emergency Management Department,simulated_system,bank_statement,748920.0,0,0,1,0,0,70,0,0,Low,Routine monitoring,no_major_flag
T000305,2025-06-22,6,A003,Non-tax Revenue Collection Account,Bank B,Agriculture Department,budget_execution_payment,outflow,23748,V000305,Simulated budget execution payment for Agriculture Department,simulated_system,bank_statement,316246.60000000003,0,0,1,0,0,70,0,0,Low,Routine monitoring,no_major_flag
T000311,2025-06-22,6,A013,Year-end Settlement Account,Bank G,Health Department,project_fund_payment,outflow,227718,V000311,Simulated project fund payment for Health Department,simulated_system,bank_statement,748920.0,0,0,1,0,0,63,0,0,Low,Routine monitoring,no_major_flag
T000290,2025-06-23,6,A012,Audit Adjustment Account,Bank F,Social Security Department,budget_execution_payment,outflow,283844,V000290,Simulated budget execution payment for Social Security Department,simulated_system,bank_statement,316246.60000000003,0,0,1,0,0,66,0,0,Low,Routine monitoring,no_major_flag
T000316,2025-06-23,6,A004,Off-budget Fund Account,Bank B,Finance Bureau Internal Unit,refund,inflow,54446,V000316,Simulated refund for Finance Bureau Internal Unit,simulated_system,bank_statement,70230.0,0,0,1,0,0,77,1,1,Low,Routine monitoring,high_activity_department
T000343,2025-06-23,6,A001,Treasury Main Account,Bank A,Agriculture Department,budget_execution_payment,outflow,135584,V000343,Simulated budget execution payment for Agriculture Department,simulated_system,bank_statement,316246.60000000003,0,0,1,0,0,70,0,0,Low,Routine monitoring,no_major_flag
T000347,2025-06-23,6,A003,Non-tax Revenue Collection Account,Bank B,Infrastructure Department,budget_execution_payment,outflow,49227,V000347,Simulated budget execution payment for Infrastructure Department,simulated_system,bank_statement,316246.60000000003,0,0,1,0,0,64,0,0,Low,Routine monitoring,no_major_flag
T000355,2025-06-23,6,A004,Off-budget Fund Account,Bank B,Finance Bureau Internal Unit,inter_fund_transfer,inflow,317843,V000355,Simulated inter fund transfer for Finance Bureau Internal Unit,simulated_system,bank_statement,509918.00000000006,0,1,1,0,0,77,1,3,Medium,Second-level review recommended,high_risk_type; high_activity_department
T000375,2025-06-23,6,A012,Audit Adjustment Account,Bank F,Education Department,budget_execution_payment,outflow,50791,V000375,Simulated budget execution payment for Education Department,simulated_system,bank_statement,316246.60000000003,0,0,1,0,0,56,0,0,Low,Routine monitoring,no_major_flag
T000295,2025-06-25,6,A004,Off-budget Fund Account,Bank B,Agriculture Department,refund,inflow,11359,V000295,Simulated refund for Agriculture Department,simulated_system,bank_statement,70230.0,0,0,1,0,0,70,0,0,Low,Routine monitoring,no_major_flag
T000321,2025-06-25,6,A004,Off-budget Fund Account,Bank B,Health Department,non_tax_revenue_collection,inflow,135956,V000321,Simulated non tax revenue collection for Health Department,simulated_system,bank_statement,163417.0,0,0,1,0,0,63,0,0,Low,Routine monitoring,no_major_flag
T000367,2025-06-25,6,A008,Health Project Fund Account,Bank D,Emergency Management Department,non_tax_revenue_collection,inflow,107171,V000367,Simulated non tax revenue collection for Emergency Management Department,simulated_system,bank_statement,163417.0,0,0,1,0,0,70,0,0,Low,Routine monitoring,no_major_flag
T000300,2025-06-26,6,A003,Non-tax Revenue Collection Account,Bank B,Social Security Department,off_budget_fund_transfer,inflow,482063,V000300,Simulated off budget fund transfer for Social Security Department,simulated_system,bank_statement,446537.6000000001,1,1,1,0,0,66,0,5,Medium,Review transaction amount and supporting documents,large_amount; high_risk_type
T000319,2025-06-26,6,A013,Year-end Settlement Account,Bank G,Agriculture Department,budget_execution_payment,outflow,267908,V000319,Simulated budget execution payment for Agriculture Department,simulated_system,bank_statement,316246.60000000003,0,0,1,0,0,70,0,0,Low,Routine monitoring,no_major_flag
T000341,2025-06-26,6,A011,Inter-fund Transfer Account,Bank F,Urban Management Department,temporary_holding,inflow,110356,V000341,Simulated temporary holding for Urban Management Department,simulated_system,bank_statement,219627.5,0,1,1,0,0,64,0,2,Low,Second-level review recommended,high_risk_type
T000342,2025-06-26,6,A009,Infrastructure Payment Account,Bank E,Community Services Department,inter_fund_transfer,inflow,286150,V000342,Simulated inter fund transfer for Community Services Department,simulated_system,bank_statement,509918.00000000006,0,1,1,0,0,57,0,2,Low,Second-level review recommended,high_risk_type
T000352,2025-06-26,6,A009,Infrastructure Payment Account,Bank E,Finance Bureau Internal Unit,off_budget_fund_transfer,inflow,80599,V000352,Simulated off budget fund transfer for Finance Bureau Internal Unit,simulated_system,bank_statement,446537.6000000001,0,1,1,0,0,77,1,3,Medium,Second-level review recommended,high_risk_type; high_activity_department
T000365,2025-06-26,6,A012,Audit Adjustment Account,Bank F,Health Department,project_fund_payment,outflow,757910,V000365,Simulated project fund payment for Health Department,simulated_system,bank_statement,748920.0,1,0,1,0,0,63,0,3,Medium,Review transaction amount and supporting documents,large_amount
T000298,2025-06-27,6,A003,Non-tax Revenue Collection Account,Bank B,Emergency Management Department,budget_execution_payment,outflow,196348,V000298,Simulated budget execution payment for Emergency Management Department,simulated_system,bank_statement,316246.60000000003,0,0,1,0,0,70,0,0,Low,Routine monitoring,no_major_flag
T000299,2025-06-27,6,A001,Treasury Main Account,Bank A,Community Services Department,non_tax_revenue_collection,inflow,125927,V000299,Simulated non tax revenue collection for Community Services Department,simulated_system,bank_statement,163417.0,0,0,1,0,0,57,0,0,Low,Routine monitoring,no_major_flag
T000302,2025-06-27,6,A012,Audit Adjustment Account,Bank F,Finance Bureau Internal Unit,budget_execution_payment,outflow,36999,V000302,Simulated budget execution payment for Finance Bureau Internal Unit,simulated_system,bank_statement,316246.60000000003,0,0,1,0,0,77,1,1,Low,Routine monitoring,high_activity_department
T000325,2025-06-27,6,A007,Education Fund Account,Bank D,Transport Department,temporary_holding,inflow,96402,V000325,Simulated temporary holding for Transport Department,simulated_system,bank_statement,219627.5,0,1,1,0,0,74,1,3,Medium,Second-level review recommended,high_risk_type; high_activity_department
T000354,2025-06-27,6,A011,Inter-fund Transfer Account,Bank F,Emergency Management Department,project_fund_payment,outflow,296732,V000354,Simulated project fund payment for Emergency Management Department,simulated_system,bank_statement,748920.0,0,0,1,0,0,70,0,0,Low,Routine monitoring,no_major_flag
T000358,2025-06-27,6,A009,Infrastructure Payment Account,Bank E,Community Services Department,year_end_settlement,outflow,428138,V000358,Simulated year end settlement for Community Services Department,simulated_system,bank_statement,600508.3,0,1,1,0,0,57,0,2,Low,Second-level review recommended,high_risk_type
T000368,2025-06-27,6,A003,Non-tax Revenue Collection Account,Bank B,Finance Bureau Internal Unit,budget_execution_payment,outflow,341898,V000368,Simulated budget execution payment for Finance Bureau Internal Unit,simulated_system,bank_statement,316246.60000000003,1,0,1,0,0,77,1,4,Medium,Review transaction amount and supporting documents,large_amount; high_activity_department
T000340,2025-06-28,6,A007,Education Fund Account,Bank D,Infrastructure Department,project_fund_payment,outflow,652772,V000340,Simulated project fund payment for Infrastructure Department,simulated_system,bank_statement,748920.0,0,0,1,0,0,64,0,0,Low,Routine monitoring,no_major_flag
T000351,2025-06-28,6,A001,Treasury Main Account,Bank A,Health Department,project_fund_payment,outflow,197878,V000351,Simulated project fund payment for Health Department,simulated_system,bank_statement,748920.0,0,0,1,0,0,63,0,0,Low,Routine monitoring,no_major_flag
T000296,2025-06-29,6,A010,Temporary Holding Account,Bank E,Infrastructure Department,temporary_holding,inflow,10717,V000296,Simulated temporary holding for Infrastructure Department,simulated_system,bank_statement,219627.5,0,1,1,0,0,64,0,2,Low,Second-level review recommended,high_risk_type
T000345,2025-06-29,6,A007,Education Fund Account,Bank D,Agriculture Department,budget_execution_payment,outflow,331367,V000345,Simulated budget execution payment for Agriculture Department,simulated_system,bank_statement,316246.60000000003,1,0,1,0,0,70,0,3,Medium,Review transaction amount and supporting documents,large_amount
T000348,2025-06-29,6,A010,Temporary Holding Account,Bank E,Education Department,budget_execution_payment,outflow,329143,V000348,Simulated budget execution payment for Education Department,simulated_system,bank_statement,316246.60000000003,1,0,1,0,0,56,0,3,Medium,Review transaction amount and supporting documents,large_amount
T000359,2025-06-29,6,A003,Non-tax Revenue Collection Account,Bank B,Transport Department,budget_execution_payment,outflow,114837,V000359,Simulated budget execution payment for Transport Department,simulated_system,bank_statement,316246.60000000003,0,0,1,0,0,74,1,1,Low,Routine monitoring,high_activity_department
T000370,2025-06-29,6,A013,Year-end Settlement Account,Bank G,Culture and Tourism Department,project_fund_payment,outflow,606371,V000370,Simulated project fund payment for Culture and Tourism Department,simulated_system,bank_statement,748920.0,0,0,1,0,0,81,1,1,Low,Routine monitoring,high_activity_department
T000324,2025-06-30,6,A011,Inter-fund Transfer Account,Bank F,Infrastructure Department,budget_execution_payment,outflow,101972,V000324,Simulated budget execution payment for Infrastructure Department,simulated_system,bank_statement,316246.60000000003,0,0,1,0,0,64,0,0,Low,Routine monitoring,no_major_flag
T000336,2025-06-30,6,A010,Temporary Holding Account,Bank E,Agriculture Department,budget_execution_payment,outflow,113079,V000336,Simulated budget execution payment for Agriculture Department,simulated_system,bank_statement,316246.60000000003,0,0,1,0,0,70,0,0,Low,Routine monitoring,no_major_flag
T000338,2025-06-30,6,A001,Treasury Main Account,Bank A,Infrastructure Department,refund,inflow,28177,V000338,Simulated refund for Infrastructure Department,simulated_system,bank_statement,70230.0,0,0,1,0,0,64,0,0,Low,Routine monitoring,no_major_flag
T000388,2025-07-01,7,A001,Treasury Main Account,Bank A,Emergency Management Department,budget_execution_payment,outflow,124700,V000388,Simulated budget execution payment for Emergency Management Department,simulated_system,bank_statement,316246.60000000003,0,0,1,0,0,70,0,0,Low,Routine monitoring,no_major_flag
T000437,2025-07-01,7,A004,Off-budget Fund Account,Bank B,Finance Bureau Internal Unit,project_fund_payment,outflow,157041,V000437,Simulated project fund payment for Finance Bureau Internal Unit,simulated_system,bank_statement,748920.0,0,0,1,0,0,77,1,1,Low,Routine monitoring,high_activity_department
T000420,2025-07-03,7,A007,Education Fund Account,Bank D,Social Security Department,off_budget_fund_transfer,outflow,203615,V000420,Simulated off budget fund transfer for Social Security Department,simulated_system,bank_statement,446537.6000000001,0,1,1,0,0,66,0,2,Low,Second-level review recommended,high_risk_type
T000432,2025-07-03,7,A002,Budget Execution Payment Account,Bank A,Health Department,non_tax_revenue_collection,inflow,31081,V000432,Simulated non tax revenue collection for Health Department,simulated_system,bank_statement,163417.0,0,0,1,0,0,63,0,0,Low,Routine monitoring,no_major_flag
T000385,2025-07-04,7,A006,Social Security Transfer Account,Bank C,Education Department,budget_execution_payment,outflow,291265,V000385,Simulated budget execution payment for Education Department,simulated_system,bank_statement,316246.60000000003,0,0,1,0,0,56,0,0,Low,Routine monitoring,no_major_flag
T000386,2025-07-04,7,A005,Special Fund Account,Bank C,Health Department,budget_execution_payment,outflow,163314,V000386,Simulated budget execution payment for Health Department,simulated_system,bank_statement,316246.60000000003,0,0,1,0,0,63,0,0,Low,Routine monitoring,no_major_flag
T000421,2025-07-04,7,A011,Inter-fund Transfer Account,Bank F,Culture and Tourism Department,non_tax_revenue_collection,inflow,42425,V000421,Simulated non tax revenue collection for Culture and Tourism Department,simulated_system,bank_statement,163417.0,0,0,1,0,0,81,1,1,Low,Routine monitoring,high_activity_department
T000424,2025-07-04,7,A011,Inter-fund Transfer Account,Bank F,Urban Management Department,off_budget_fund_transfer,inflow,198065,V000424,Simulated off budget fund transfer for Urban Management Department,simulated_system,bank_statement,446537.6000000001,0,1,1,0,0,64,0,2,Low,Second-level review recommended,high_risk_type
T000426,2025-07-04,7,A008,Health Project Fund Account,Bank D,Social Security Department,refund,inflow,2215,V000426,Simulated refund for Social Security Department,simulated_system,bank_statement,70230.0,0,0,1,0,0,66,0,0,Low,Routine monitoring,no_major_flag
T000416,2025-07-06,7,A007,Education Fund Account,Bank D,Environmental Protection Department,temporary_holding,inflow,128680,V000416,Simulated temporary holding for Environmental Protection Department,simulated_system,bank_statement,219627.5,0,1,1,0,0,70,0,2,Low,Second-level review recommended,high_risk_type
T000435,2025-07-06,7,A013,Year-end Settlement Account,Bank G,Infrastructure Department,budget_execution_payment,outflow,55897,V000435,Simulated budget execution payment for Infrastructure Department,simulated_system,bank_statement,316246.60000000003,0,0,1,0,0,64,0,0,Low,Routine monitoring,no_major_flag
T000384,2025-07-07,7,A001,Treasury Main Account,Bank A,Agriculture Department,temporary_holding,inflow,66809,V000384,Simulated temporary holding for Agriculture Department,simulated_system,bank_statement,219627.5,0,1,1,0,0,70,0,2,Low,Second-level review recommended,high_risk_type
T000404,2025-07-07,7,A010,Temporary Holding Account,Bank E,Health Department,refund,inflow,19065,V000404,Simulated refund for Health Department,simulated_system,bank_statement,70230.0,0,0,1,0,0,63,0,0,Low,Routine monitoring,no_major_flag
T000394,2025-07-08,7,A001,Treasury Main Account,Bank A,Culture and Tourism Department,off_budget_fund_transfer,outflow,432311,V000394,Simulated off budget fund transfer for Culture and Tourism Department,simulated_system,bank_statement,446537.6000000001,0,1,1,0,0,81,1,3,Medium,Second-level review recommended,high_risk_type; high_activity_department
T000406,2025-07-08,7,A005,Special Fund Account,Bank C,Infrastructure Department,budget_execution_payment,outflow,285025,V000406,Simulated budget execution payment for Infrastructure Department,simulated_system,bank_statement,316246.60000000003,0,0,1,0,0,64,0,0,Low,Routine monitoring,no_major_flag
T000382,2025-07-09,7,A005,Special Fund Account,Bank C,Culture and Tourism Department,non_tax_revenue_collection,inflow,166205,V000382,Simulated non tax revenue collection for Culture and Tourism Department,simulated_system,bank_statement,163417.0,1,0,1,0,0,81,1,4,Medium,Review transaction amount and supporting documents,large_amount; high_activity_department
T000389,2025-07-10,7,A001,Treasury Main Account,Bank A,Urban Management Department,audit_adjustment,outflow,68616,V000389,Simulated audit adjustment for Urban Management Department,simulated_system,bank_statement,100457.59999999999,0,1,1,0,0,64,0,2,Low,Second-level review recommended,high_risk_type
T000393,2025-07-10,7,A004,Off-budget Fund Account,Bank B,Community Services Department,non_tax_revenue_collection,inflow,82242,V000393,Simulated non tax revenue collection for Community Services Department,simulated_system,bank_statement,163417.0,0,0,1,0,0,57,0,0,Low,Routine monitoring,no_major_flag
T000438,2025-07-10,7,A004,Off-budget Fund Account,Bank B,Culture and Tourism Department,project_fund_payment,outflow,53174,V000438,Simulated project fund payment for Culture and Tourism Department,simulated_system,bank_statement,748920.0,0,0,1,0,0,81,1,1,Low,Routine monitoring,high_activity_department
T000391,2025-07-11,7,A008,Health Project Fund Account,Bank D,Social Security Department,off_budget_fund_transfer,inflow,257705,V000391,Simulated off budget fund transfer for Social Security Department,simulated_system,bank_statement,446537.6000000001,0,1,1,0,0,66,0,2,Low,Second-level review recommended,high_risk_type
T000403,2025-07-11,7,A003,Non-tax Revenue Collection Account,Bank B,Culture and Tourism Department,non_tax_revenue_collection,inflow,167730,V000403,Simulated non tax revenue collection for Culture and Tourism Department,simulated_system,bank_statement,163417.0,1,0,1,0,0,81,1,4,Medium,Review transaction amount and supporting documents,large_amount; high_activity_department
T000417,2025-07-11,7,A008,Health Project Fund Account,Bank D,Agriculture Department,non_tax_revenue_collection,inflow,124682,V000417,Simulated non tax revenue collection for Agriculture Department,simulated_system,bank_statement,163417.0,0,0,1,0,0,70,0,0,Low,Routine monitoring,no_major_flag
T000399,2025-07-12,7,A003,Non-tax Revenue Collection Account,Bank B,Health Department,budget_execution_payment,outflow,324958,V000399,Simulated budget execution payment for Health Department,simulated_system,bank_statement,316246.60000000003,1,0,1,0,0,63,0,3,Medium,Review transaction amount and supporting documents,large_amount
T000408,2025-07-12,7,A005,Special Fund Account,Bank C,Environmental Protection Department,budget_execution_payment,outflow,103791,V000408,Simulated budget execution payment for Environmental Protection Department,simulated_system,bank_statement,316246.60000000003,0,0,1,0,0,70,0,0,Low,Routine monitoring,no_major_flag
T000419,2025-07-12,7,A005,Special Fund Account,Bank C,Culture and Tourism Department,inter_fund_transfer,outflow,94694,V000419,Simulated inter fund transfer for Culture and Tourism Department,simulated_system,bank_statement,509918.00000000006,0,1,1,0,0,81,1,3,Medium,Second-level review recommended,high_risk_type; high_activity_department
T000422,2025-07-12,7,A010,Temporary Holding Account,Bank E,Finance Bureau Internal Unit,budget_execution_payment,outflow,122478,V000422,Simulated budget execution payment for Finance Bureau Internal Unit,simulated_system,bank_statement,316246.60000000003,0,0,1,0,0,77,1,1,Low,Routine monitoring,high_activity_department
T000427,2025-07-13,7,A010,Temporary Holding Account,Bank E,Environmental Protection Department,budget_execution_payment,outflow,149648,V000427,Simulated budget execution payment for Environmental Protection Department,simulated_system,bank_statement,316246.60000000003,0,0,1,0,0,70,0,0,Low,Routine monitoring,no_major_flag
T000434,2025-07-14,7,A013,Year-end Settlement Account,Bank G,Culture and Tourism Department,non_tax_revenue_collection,inflow,48459,V000434,Simulated non tax revenue collection for Culture and Tourism Department,simulated_system,bank_statement,163417.0,0,0,1,0,0,81,1,1,Low,Routine monitoring,high_activity_department
T000430,2025-07-15,7,A005,Special Fund Account,Bank C,Culture and Tourism Department,budget_execution_payment,outflow,221239,V000430,Simulated budget execution payment for Culture and Tourism Department,simulated_system,bank_statement,316246.60000000003,0,0,1,0,0,81,1,1,Low,Routine monitoring,high_activity_department
T000411,2025-07-16,7,A003,Non-tax Revenue Collection Account,Bank B,Finance Bureau Internal Unit,refund,inflow,2066,V000411,Simulated refund for Finance Bureau Internal Unit,simulated_system,bank_statement,70230.0,0,0,1,0,0,77,1,1,Low,Routine monitoring,high_activity_department
T000383,2025-07-17,7,A012,Audit Adjustment Account,Bank F,Infrastructure Department,budget_execution_payment,outflow,171899,V000383,Simulated budget execution payment for Infrastructure Department,simulated_system,bank_statement,316246.60000000003,0,0,1,0,0,64,0,0,Low,Routine monitoring,no_major_flag
T000387,2025-07-17,7,A010,Temporary Holding Account,Bank E,Culture and Tourism Department,non_tax_revenue_collection,inflow,91436,V000387,Simulated non tax revenue collection for Culture and Tourism Department,simulated_system,bank_statement,163417.0,0,0,1,0,0,81,1,1,Low,Routine monitoring,high_activity_department
T000407,2025-07-17,7,A013,Year-end Settlement Account,Bank G,Transport Department,inter_fund_transfer,inflow,464844,V000407,Simulated inter fund transfer for Transport Department,simulated_system,bank_statement,509918.00000000006,0,1,1,0,0,74,1,3,Medium,Second-level review recommended,high_risk_type; high_activity_department
T000423,2025-07-17,7,A010,Temporary Holding Account,Bank E,Urban Management Department,non_tax_revenue_collection,inflow,36105,V000423,Simulated non tax revenue collection for Urban Management Department,simulated_system,bank_statement,163417.0,0,0,1,0,0,64,0,0,Low,Routine monitoring,no_major_flag
T000397,2025-07-18,7,A008,Health Project Fund Account,Bank D,Community Services Department,audit_adjustment,inflow,51971,V000397,Simulated audit adjustment for Community Services Department,simulated_system,bank_statement,100457.59999999999,0,1,1,0,0,57,0,2,Low,Second-level review recommended,high_risk_type
T000414,2025-07-19,7,A004,Off-budget Fund Account,Bank B,Environmental Protection Department,non_tax_revenue_collection,inflow,175939,V000414,Simulated non tax revenue collection for Environmental Protection Department,simulated_system,bank_statement,163417.0,1,0,1,0,0,70,0,3,Medium,Review transaction amount and supporting documents,large_amount
T000390,2025-07-20,7,A008,Health Project Fund Account,Bank D,Culture and Tourism Department,non_tax_revenue_collection,inflow,116361,V000390,Simulated non tax revenue collection for Culture and Tourism Department,simulated_system,bank_statement,163417.0,0,0,1,0,0,81,1,1,Low,Routine monitoring,high_activity_department
T000392,2025-07-21,7,A010,Temporary Holding Account,Bank E,Culture and Tourism Department,temporary_holding,inflow,234440,V000392,Simulated temporary holding for Culture and Tourism Department,simulated_system,bank_statement,219627.5,1,1,1,0,0,81,1,6,High,Immediate review required,large_amount; high_risk_type; high_activity_department
T000405,2025-07-21,7,A012,Audit Adjustment Account,Bank F,Transport Department,off_budget_fund_transfer,inflow,435237,V000405,Simulated off budget fund transfer for Transport Department,simulated_system,bank_statement,446537.6000000001,0,1,1,0,0,74,1,3,Medium,Second-level review recommended,high_risk_type; high_activity_department
T000400,2025-07-22,7,A006,Social Security Transfer Account,Bank C,Culture and Tourism Department,non_tax_revenue_collection,inflow,48894,V000400,Simulated non tax revenue collection for Culture and Tourism Department,simulated_system,bank_statement,163417.0,0,0,1,0,0,81,1,1,Low,Routine monitoring,high_activity_department
T000415,2025-07-22,7,A008,Health Project Fund Account,Bank D,Environmental Protection Department,non_tax_revenue_collection,inflow,127990,V000415,Simulated non tax revenue collection for Environmental Protection Department,simulated_system,bank_statement,163417.0,0,0,1,0,0,70,0,0,Low,Routine monitoring,no_major_flag
T000412,2025-07-23,7,A012,Audit Adjustment Account,Bank F,Culture and Tourism Department,off_budget_fund_transfer,outflow,276331,V000412,Simulated off budget fund transfer for Culture and Tourism Department,simulated_system,bank_statement,446537.6000000001,0,1,1,0,0,81,1,3,Medium,Second-level review recommended,high_risk_type; high_activity_department
T000381,2025-07-25,7,A006,Social Security Transfer Account,Bank C,Finance Bureau Internal Unit,off_budget_fund_transfer,outflow,182271,V000381,Simulated off budget fund transfer for Finance Bureau Internal Unit,simulated_system,bank_statement,446537.6000000001,0,1,1,0,0,77,1,3,Medium,Second-level review recommended,high_risk_type; high_activity_department
T000395,2025-07-25,7,A006,Social Security Transfer Account,Bank C,Culture and Tourism Department,budget_execution_payment,outflow,85524,V000395,Simulated budget execution payment for Culture and Tourism Department,simulated_system,bank_statement,316246.60000000003,0,0,1,0,0,81,1,1,Low,Routine monitoring,high_activity_department
T000396,2025-07-25,7,A003,Non-tax Revenue Collection Account,Bank B,Health Department,project_fund_payment,outflow,692416,V000396,Simulated project fund payment for Health Department,simulated_system,bank_statement,748920.0,0,0,1,0,0,63,0,0,Low,Routine monitoring,no_major_flag
T000409,2025-07-25,7,A013,Year-end Settlement Account,Bank G,Social Security Department,refund,inflow,49645,V000409,Simulated refund for Social Security Department,simulated_system,bank_statement,70230.0,0,0,1,0,0,66,0,0,Low,Routine monitoring,no_major_flag
T000410,2025-07-25,7,A003,Non-tax Revenue Collection Account,Bank B,Social Security Department,audit_adjustment,inflow,25162,V000410,Simulated audit adjustment for Social Security Department,simulated_system,bank_statement,100457.59999999999,0,1,1,0,0,66,0,2,Low,Second-level review recommended,high_risk_type
T000425,2025-07-25,7,A012,Audit Adjustment Account,Bank F,Health Department,project_fund_payment,outflow,116985,V000425,Simulated project fund payment for Health Department,simulated_system,bank_statement,748920.0,0,0,1,0,0,63,0,0,Low,Routine monitoring,no_major_flag
T000398,2025-07-26,7,A011,Inter-fund Transfer Account,Bank F,Environmental Protection Department,budget_execution_payment,outflow,257890,V000398,Simulated budget execution payment for Environmental Protection Department,simulated_system,bank_statement,316246.60000000003,0,0,1,0,0,70,0,0,Low,Routine monitoring,no_major_flag
T000413,2025-07-26,7,A013,Year-end Settlement Account,Bank G,Culture and Tourism Department,budget_execution_payment,outflow,285228,V000413,Simulated budget execution payment for Culture and Tourism Department,simulated_system,bank_statement,316246.60000000003,0,0,1,0,0,81,1,1,Low,Routine monitoring,high_activity_department
T000428,2025-07-26,7,A004,Off-budget Fund Account,Bank B,Social Security Department,budget_execution_payment,outflow,254337,V000428,Simulated budget execution payment for Social Security Department,simulated_system,bank_statement,316246.60000000003,0,0,1,0,0,66,0,0,Low,Routine monitoring,no_major_flag
T000429,2025-07-26,7,A013,Year-end Settlement Account,Bank G,Finance Bureau Internal Unit,inter_fund_transfer,inflow,334260,V000429,Simulated inter fund transfer for Finance Bureau Internal Unit,simulated_system,bank_statement,509918.00000000006,0,1,1,0,0,77,1,3,Medium,Second-level review recommended,high_risk_type; high_activity_department
T000418,2025-07-27,7,A001,Treasury Main Account,Bank A,Culture and Tourism Department,non_tax_revenue_collection,inflow,57949,V000418,Simulated non tax revenue collection for Culture and Tourism Department,simulated_system,bank_statement,163417.0,0,0,1,0,0,81,1,1,Low,Routine monitoring,high_activity_department
T000436,2025-07-27,7,A012,Audit Adjustment Account,Bank F,Finance Bureau Internal Unit,refund,inflow,27279,V000436,Simulated refund for Finance Bureau Internal Unit,simulated_system,bank_statement,70230.0,0,0,1,0,0,77,1,1,Low,Routine monitoring,high_activity_department
T000402,2025-07-28,7,A001,Treasury Main Account,Bank A,Environmental Protection Department,project_fund_payment,outflow,570610,V000402,Simulated project fund payment for Environmental Protection Department,simulated_system,bank_statement,748920.0,0,0,1,0,0,70,0,0,Low,Routine monitoring,no_major_flag
T000439,2025-07-28,7,A011,Inter-fund Transfer Account,Bank F,Education Department,non_tax_revenue_collection,inflow,103970,V000439,Simulated non tax revenue collection for Education Department,simulated_system,bank_statement,163417.0,0,0,1,0,0,56,0,0,Low,Routine monitoring,no_major_flag
T000433,2025-07-29,7,A002,Budget Execution Payment Account,Bank A,Agriculture Department,budget_execution_payment,outflow,52634,V000433,Simulated budget execution payment for Agriculture Department,simulated_system,bank_statement,316246.60000000003,0,0,1,0,0,70,0,0,Low,Routine monitoring,no_major_flag
T000401,2025-07-30,7,A012,Audit Adjustment Account,Bank F,Education Department,temporary_holding,inflow,135180,V000401,Simulated temporary holding for Education Department,simulated_system,bank_statement,219627.5,0,1,1,0,0,56,0,2,Low,Second-level review recommended,high_risk_type
T000431,2025-07-31,7,A010,Temporary Holding Account,Bank E,Health Department,refund,inflow,8080,V000431,Simulated refund for Health Department,simulated_system,bank_statement,70230.0,0,0,1,0,0,63,0,0,Low,Routine monitoring,no_major_flag
T000455,2025-08-01,8,A003,Non-tax Revenue Collection Account,Bank B,Emergency Management Department,inter_fund_transfer,inflow,182696,V000455,Simulated inter fund transfer for Emergency Management Department,simulated_system,bank_statement,509918.00000000006,0,1,1,0,0,70,0,2,Low,Second-level review recommended,high_risk_type
T000458,2025-08-01,8,A008,Health Project Fund Account,Bank D,Urban Management Department,audit_adjustment,inflow,32406,V000458,Simulated audit adjustment for Urban Management Department,simulated_system,bank_statement,100457.59999999999,0,1,1,0,0,64,0,2,Low,Second-level review recommended,high_risk_type
T000477,2025-08-01,8,A008,Health Project Fund Account,Bank D,Community Services Department,budget_execution_payment,outflow,57879,V000477,Simulated budget execution payment for Community Services Department,simulated_system,bank_statement,316246.60000000003,0,0,1,0,0,57,0,0,Low,Routine monitoring,no_major_flag
T000444,2025-08-02,8,A011,Inter-fund Transfer Account,Bank F,Education Department,temporary_holding,inflow,136082,V000444,Simulated temporary holding for Education Department,simulated_system,bank_statement,219627.5,0,1,1,0,0,56,0,2,Low,Second-level review recommended,high_risk_type
T000447,2025-08-02,8,A013,Year-end Settlement Account,Bank G,Transport Department,year_end_settlement,outflow,474874,V000447,Simulated year end settlement for Transport Department,simulated_system,bank_statement,600508.3,0,1,1,0,0,74,1,3,Medium,Second-level review recommended,high_risk_type; high_activity_department
T000448,2025-08-02,8,A009,Infrastructure Payment Account,Bank E,Social Security Department,year_end_settlement,inflow,559787,V000448,Simulated year end settlement for Social Security Department,simulated_system,bank_statement,600508.3,0,1,1,0,0,66,0,2,Low,Second-level review recommended,high_risk_type
T000461,2025-08-03,8,A006,Social Security Transfer Account,Bank C,Emergency Management Department,budget_execution_payment,outflow,79164,V000461,Simulated budget execution payment for Emergency Management Department,simulated_system,bank_statement,316246.60000000003,0,0,1,0,0,70,0,0,Low,Routine monitoring,no_major_flag
T000472,2025-08-03,8,A006,Social Security Transfer Account,Bank C,Agriculture Department,audit_adjustment,inflow,4491,V000472,Simulated audit adjustment for Agriculture Department,simulated_system,bank_statement,100457.59999999999,0,1,1,0,0,70,0,2,Low,Second-level review recommended,high_risk_type
T000449,2025-08-04,8,A005,Special Fund Account,Bank C,Agriculture Department,budget_execution_payment,outflow,271071,V000449,Simulated budget execution payment for Agriculture Department,simulated_system,bank_statement,316246.60000000003,0,0,1,0,0,70,0,0,Low,Routine monitoring,no_major_flag
T000482,2025-08-04,8,A008,Health Project Fund Account,Bank D,Agriculture Department,non_tax_revenue_collection,inflow,148788,V000482,Simulated non tax revenue collection for Agriculture Department,simulated_system,bank_statement,163417.0,0,0,1,0,0,70,0,0,Low,Routine monitoring,no_major_flag
T000470,2025-08-06,8,A006,Social Security Transfer Account,Bank C,Culture and Tourism Department,inter_fund_transfer,inflow,353245,V000470,Simulated inter fund transfer for Culture and Tourism Department,simulated_system,bank_statement,509918.00000000006,0,1,1,0,0,81,1,3,Medium,Second-level review recommended,high_risk_type; high_activity_department
T000462,2025-08-07,8,A013,Year-end Settlement Account,Bank G,Emergency Management Department,refund,inflow,39860,V000462,Simulated refund for Emergency Management Department,simulated_system,bank_statement,70230.0,0,0,1,0,0,70,0,0,Low,Routine monitoring,no_major_flag
T000479,2025-08-09,8,A010,Temporary Holding Account,Bank E,Environmental Protection Department,temporary_holding,inflow,246770,V000479,Simulated temporary holding for Environmental Protection Department,simulated_system,bank_statement,219627.5,1,1,1,0,0,70,0,5,Medium,Review transaction amount and supporting documents,large_amount; high_risk_type
T000457,2025-08-10,8,A010,Temporary Holding Account,Bank E,Emergency Management Department,budget_execution_payment,outflow,322259,V000457,Simulated budget execution payment for Emergency Management Department,simulated_system,bank_statement,316246.60000000003,1,0,1,0,0,70,0,3,Medium,Review transaction amount and supporting documents,large_amount
T000469,2025-08-10,8,A013,Year-end Settlement Account,Bank G,Transport Department,budget_execution_payment,outflow,309819,V000469,Simulated budget execution payment for Transport Department,simulated_system,bank_statement,316246.60000000003,0,0,1,0,0,74,1,1,Low,Routine monitoring,high_activity_department
T000475,2025-08-10,8,A008,Health Project Fund Account,Bank D,Finance Bureau Internal Unit,non_tax_revenue_collection,inflow,116369,V000475,Simulated non tax revenue collection for Finance Bureau Internal Unit,simulated_system,bank_statement,163417.0,0,0,1,0,0,77,1,1,Low,Routine monitoring,high_activity_department
T000490,2025-08-10,8,A008,Health Project Fund Account,Bank D,Infrastructure Department,budget_execution_payment,outflow,109941,V000490,Simulated budget execution payment for Infrastructure Department,simulated_system,bank_statement,316246.60000000003,0,0,1,0,0,64,0,0,Low,Routine monitoring,no_major_flag
T000440,2025-08-11,8,A006,Social Security Transfer Account,Bank C,Emergency Management Department,refund,inflow,2992,V000440,Simulated refund for Emergency Management Department,simulated_system,bank_statement,70230.0,0,0,1,0,0,70,0,0,Low,Routine monitoring,no_major_flag
T000451,2025-08-11,8,A009,Infrastructure Payment Account,Bank E,Agriculture Department,off_budget_fund_transfer,outflow,481448,V000451,Simulated off budget fund transfer for Agriculture Department,simulated_system,bank_statement,446537.6000000001,1,1,1,0,0,70,0,5,Medium,Review transaction amount and supporting documents,large_amount; high_risk_type
T000459,2025-08-11,8,A010,Temporary Holding Account,Bank E,Health Department,non_tax_revenue_collection,inflow,177208,V000459,Simulated non tax revenue collection for Health Department,simulated_system,bank_statement,163417.0,1,0,1,0,0,63,0,3,Medium,Review transaction amount and supporting documents,large_amount
T000466,2025-08-13,8,A007,Education Fund Account,Bank D,Emergency Management Department,budget_execution_payment,outflow,235657,V000466,Simulated budget execution payment for Emergency Management Department,simulated_system,bank_statement,316246.60000000003,0,0,1,0,0,70,0,0,Low,Routine monitoring,no_major_flag
T000484,2025-08-13,8,A002,Budget Execution Payment Account,Bank A,Transport Department,project_fund_payment,outflow,172066,V000484,Simulated project fund payment for Transport Department,simulated_system,bank_statement,748920.0,0,0,1,0,0,74,1,1,Low,Routine monitoring,high_activity_department
T000494,2025-08-13,8,A009,Infrastructure Payment Account,Bank E,Environmental Protection Department,inter_fund_transfer,inflow,289579,V000494,Simulated inter fund transfer for Environmental Protection Department,simulated_system,bank_statement,509918.00000000006,0,1,1,0,0,70,0,2,Low,Second-level review recommended,high_risk_type
T000486,2025-08-14,8,A010,Temporary Holding Account,Bank E,Environmental Protection Department,off_budget_fund_transfer,inflow,151544,V000486,Simulated off budget fund transfer for Environmental Protection Department,simulated_system,bank_statement,446537.6000000001,0,1,1,0,0,70,0,2,Low,Second-level review recommended,high_risk_type
T000443,2025-08-15,8,A008,Health Project Fund Account,Bank D,Transport Department,budget_execution_payment,outflow,249530,V000443,Simulated budget execution payment for Transport Department,simulated_system,bank_statement,316246.60000000003,0,0,1,0,0,74,1,1,Low,Routine monitoring,high_activity_department
T000467,2025-08-15,8,A013,Year-end Settlement Account,Bank G,Urban Management Department,budget_execution_payment,outflow,108741,V000467,Simulated budget execution payment for Urban Management Department,simulated_system,bank_statement,316246.60000000003,0,0,1,0,0,64,0,0,Low,Routine monitoring,no_major_flag
T000481,2025-08-15,8,A012,Audit Adjustment Account,Bank F,Health Department,temporary_holding,inflow,243754,V000481,Simulated temporary holding for Health Department,simulated_system,bank_statement,219627.5,1,1,1,0,0,63,0,5,Medium,Review transaction amount and supporting documents,large_amount; high_risk_type
T000442,2025-08-16,8,A013,Year-end Settlement Account,Bank G,Social Security Department,inter_fund_transfer,outflow,492617,V000442,Simulated inter fund transfer for Social Security Department,simulated_system,bank_statement,509918.00000000006,0,1,1,0,0,66,0,2,Low,Second-level review recommended,high_risk_type
T000460,2025-08-16,8,A005,Special Fund Account,Bank C,Education Department,off_budget_fund_transfer,outflow,279141,V000460,Simulated off budget fund transfer for Education Department,simulated_system,bank_statement,446537.6000000001,0,1,1,0,0,56,0,2,Low,Second-level review recommended,high_risk_type
T000471,2025-08-16,8,A005,Special Fund Account,Bank C,Infrastructure Department,budget_execution_payment,outflow,139975,V000471,Simulated budget execution payment for Infrastructure Department,simulated_system,bank_statement,316246.60000000003,0,0,1,0,0,64,0,0,Low,Routine monitoring,no_major_flag
T000452,2025-08-17,8,A001,Treasury Main Account,Bank A,Education Department,budget_execution_payment,outflow,65689,V000452,Simulated budget execution payment for Education Department,simulated_system,bank_statement,316246.60000000003,0,0,1,0,0,56,0,0,Low,Routine monitoring,no_major_flag
T000453,2025-08-17,8,A012,Audit Adjustment Account,Bank F,Emergency Management Department,year_end_settlement,outflow,360763,V000453,Simulated year end settlement for Emergency Management Department,simulated_system,bank_statement,600508.3,0,1,1,0,0,70,0,2,Low,Second-level review recommended,high_risk_type
T000476,2025-08-17,8,A009,Infrastructure Payment Account,Bank E,Finance Bureau Internal Unit,year_end_settlement,outflow,267268,V000476,Simulated year end settlement for Finance Bureau Internal Unit,simulated_system,bank_statement,600508.3,0,1,1,0,0,77,1,3,Medium,Second-level review recommended,high_risk_type; high_activity_department
T000480,2025-08-17,8,A010,Temporary Holding Account,Bank E,Culture and Tourism Department,audit_adjustment,inflow,98228,V000480,Simulated audit adjustment for Culture and Tourism Department,simulated_system,bank_statement,100457.59999999999,0,1,1,0,0,81,1,3,Medium,Second-level review recommended,high_risk_type; high_activity_department
T000483,2025-08-17,8,A007,Education Fund Account,Bank D,Environmental Protection Department,project_fund_payment,outflow,161825,V000483,Simulated project fund payment for Environmental Protection Department,simulated_system,bank_statement,748920.0,0,0,1,0,0,70,0,0,Low,Routine monitoring,no_major_flag
T000446,2025-08-20,8,A005,Special Fund Account,Bank C,Culture and Tourism Department,non_tax_revenue_collection,inflow,174871,V000446,Simulated non tax revenue collection for Culture and Tourism Department,simulated_system,bank_statement,163417.0,1,0,1,0,0,81,1,4,Medium,Review transaction amount and supporting documents,large_amount; high_activity_department
T000493,2025-08-20,8,A010,Temporary Holding Account,Bank E,Transport Department,temporary_holding,inflow,51025,V000493,Simulated temporary holding for Transport Department,simulated_system,bank_statement,219627.5,0,1,1,0,0,74,1,3,Medium,Second-level review recommended,high_risk_type; high_activity_department
T000445,2025-08-21,8,A004,Off-budget Fund Account,Bank B,Agriculture Department,non_tax_revenue_collection,inflow,110315,V000445,Simulated non tax revenue collection for Agriculture Department,simulated_system,bank_statement,163417.0,0,0,1,0,0,70,0,0,Low,Routine monitoring,no_major_flag
T000454,2025-08-21,8,A010,Temporary Holding Account,Bank E,Social Security Department,budget_execution_payment,outflow,218153,V000454,Simulated budget execution payment for Social Security Department,simulated_system,bank_statement,316246.60000000003,0,0,1,0,0,66,0,0,Low,Routine monitoring,no_major_flag
T000456,2025-08-21,8,A005,Special Fund Account,Bank C,Environmental Protection Department,off_budget_fund_transfer,inflow,241655,V000456,Simulated off budget fund transfer for Environmental Protection Department,simulated_system,bank_statement,446537.6000000001,0,1,1,0,0,70,0,2,Low,Second-level review recommended,high_risk_type
T000463,2025-08-21,8,A004,Off-budget Fund Account,Bank B,Health Department,refund,inflow,23672,V000463,Simulated refund for Health Department,simulated_system,bank_statement,70230.0,0,0,1,0,0,63,0,0,Low,Routine monitoring,no_major_flag
T000468,2025-08-21,8,A005,Special Fund Account,Bank C,Health Department,budget_execution_payment,outflow,135260,V000468,Simulated budget execution payment for Health Department,simulated_system,bank_statement,316246.60000000003,0,0,1,0,0,63,0,0,Low,Routine monitoring,no_major_flag
T000495,2025-08-21,8,A007,Education Fund Account,Bank D,Environmental Protection Department,project_fund_payment,outflow,413334,V000495,Simulated project fund payment for Environmental Protection Department,simulated_system,bank_statement,748920.0,0,0,1,0,0,70,0,0,Low,Routine monitoring,no_major_flag
T000497,2025-08-22,8,A012,Audit Adjustment Account,Bank F,Social Security Department,temporary_holding,inflow,160145,V000497,Simulated temporary holding for Social Security Department,simulated_system,bank_statement,219627.5,0,1,1,0,0,66,0,2,Low,Second-level review recommended,high_risk_type
T000487,2025-08-23,8,A012,Audit Adjustment Account,Bank F,Social Security Department,budget_execution_payment,outflow,228030,V000487,Simulated budget execution payment for Social Security Department,simulated_system,bank_statement,316246.60000000003,0,0,1,0,0,66,0,0,Low,Routine monitoring,no_major_flag
T000489,2025-08-23,8,A005,Special Fund Account,Bank C,Health Department,non_tax_revenue_collection,inflow,47982,V000489,Simulated non tax revenue collection for Health Department,simulated_system,bank_statement,163417.0,0,0,1,0,0,63,0,0,Low,Routine monitoring,no_major_flag
T000492,2025-08-24,8,A011,Inter-fund Transfer Account,Bank F,Transport Department,refund,inflow,44462,V000492,Simulated refund for Transport Department,simulated_system,bank_statement,70230.0,0,0,1,0,0,74,1,1,Low,Routine monitoring,high_activity_department
T000478,2025-08-25,8,A012,Audit Adjustment Account,Bank F,Transport Department,year_end_settlement,outflow,587749,V000478,Simulated year end settlement for Transport Department,simulated_system,bank_statement,600508.3,0,1,1,0,0,74,1,3,Medium,Second-level review recommended,high_risk_type; high_activity_department
T000496,2025-08-25,8,A011,Inter-fund Transfer Account,Bank F,Health Department,audit_adjustment,inflow,44539,V000496,Simulated audit adjustment for Health Department,simulated_system,bank_statement,100457.59999999999,0,1,1,0,0,63,0,2,Low,Second-level review recommended,high_risk_type
T000465,2025-08-26,8,A002,Budget Execution Payment Account,Bank A,Urban Management Department,non_tax_revenue_collection,inflow,111379,V000465,Simulated non tax revenue collection for Urban Management Department,simulated_system,bank_statement,163417.0,0,0,1,0,0,64,0,0,Low,Routine monitoring,no_major_flag
T000473,2025-08-26,8,A005,Special Fund Account,Bank C,Culture and Tourism Department,refund,inflow,66926,V000473,Simulated refund for Culture and Tourism Department,simulated_system,bank_statement,70230.0,0,0,1,0,0,81,1,1,Low,Routine monitoring,high_activity_department
T000450,2025-08-27,8,A013,Year-end Settlement Account,Bank G,Urban Management Department,budget_execution_payment,outflow,80038,V000450,Simulated budget execution payment for Urban Management Department,simulated_system,bank_statement,316246.60000000003,0,0,1,0,0,64,0,0,Low,Routine monitoring,no_major_flag
T000485,2025-08-27,8,A011,Inter-fund Transfer Account,Bank F,Transport Department,off_budget_fund_transfer,inflow,242909,V000485,Simulated off budget fund transfer for Transport Department,simulated_system,bank_statement,446537.6000000001,0,1,1,0,0,74,1,3,Medium,Second-level review recommended,high_risk_type; high_activity_department
T000491,2025-08-27,8,A013,Year-end Settlement Account,Bank G,Infrastructure Department,non_tax_revenue_collection,inflow,33552,V000491,Simulated non tax revenue collection for Infrastructure Department,simulated_system,bank_statement,163417.0,0,0,1,0,0,64,0,0,Low,Routine monitoring,no_major_flag
T000488,2025-08-28,8,A003,Non-tax Revenue Collection Account,Bank B,Transport Department,budget_execution_payment,outflow,111493,V000488,Simulated budget execution payment for Transport Department,simulated_system,bank_statement,316246.60000000003,0,0,1,0,0,74,1,1,Low,Routine monitoring,high_activity_department
T000464,2025-08-29,8,A009,Infrastructure Payment Account,Bank E,Urban Management Department,budget_execution_payment,outflow,212537,V000464,Simulated budget execution payment for Urban Management Department,simulated_system,bank_statement,316246.60000000003,0,0,1,0,0,64,0,0,Low,Routine monitoring,no_major_flag
T000441,2025-08-30,8,A002,Budget Execution Payment Account,Bank A,Environmental Protection Department,budget_execution_payment,outflow,308763,V000441,Simulated budget execution payment for Environmental Protection Department,simulated_system,bank_statement,316246.60000000003,0,0,1,0,0,70,0,0,Low,Routine monitoring,no_major_flag
T000474,2025-08-30,8,A008,Health Project Fund Account,Bank D,Social Security Department,non_tax_revenue_collection,inflow,60501,V000474,Simulated non tax revenue collection for Social Security Department,simulated_system,bank_statement,163417.0,0,0,1,0,0,66,0,0,Low,Routine monitoring,no_major_flag
T000511,2025-09-01,9,A003,Non-tax Revenue Collection Account,Bank B,Education Department,off_budget_fund_transfer,outflow,80387,V000511,Simulated off budget fund transfer for Education Department,simulated_system,bank_statement,446537.6000000001,0,1,1,0,0,56,0,2,Low,Second-level review recommended,high_risk_type
T000542,2025-09-01,9,A008,Health Project Fund Account,Bank D,Environmental Protection Department,off_budget_fund_transfer,outflow,277541,V000542,Simulated off budget fund transfer for Environmental Protection Department,simulated_system,bank_statement,446537.6000000001,0,1,1,0,0,70,0,2,Low,Second-level review recommended,high_risk_type
T000518,2025-09-02,9,A006,Social Security Transfer Account,Bank C,Infrastructure Department,refund,inflow,12195,V000518,Simulated refund for Infrastructure Department,simulated_system,bank_statement,70230.0,0,0,1,0,0,64,0,0,Low,Routine monitoring,no_major_flag
T000547,2025-09-02,9,A006,Social Security Transfer Account,Bank C,Social Security Department,temporary_holding,inflow,149876,V000547,Simulated temporary holding for Social Security Department,simulated_system,bank_statement,219627.5,0,1,1,0,0,66,0,2,Low,Second-level review recommended,high_risk_type
T000557,2025-09-02,9,A006,Social Security Transfer Account,Bank C,Agriculture Department,budget_execution_payment,outflow,79946,V000557,Simulated budget execution payment for Agriculture Department,simulated_system,bank_statement,316246.60000000003,0,0,1,0,0,70,0,0,Low,Routine monitoring,no_major_flag
T000584,2025-09-02,9,A005,Special Fund Account,Bank C,Social Security Department,project_fund_payment,outflow,263678,V000584,Simulated project fund payment for Social Security Department,simulated_system,bank_statement,748920.0,0,0,1,0,0,66,0,0,Low,Routine monitoring,no_major_flag
T000510,2025-09-03,9,A011,Inter-fund Transfer Account,Bank F,Agriculture Department,off_budget_fund_transfer,inflow,371116,V000510,Simulated off budget fund transfer for Agriculture Department,simulated_system,bank_statement,446537.6000000001,0,1,1,0,0,70,0,2,Low,Second-level review recommended,high_risk_type
T000535,2025-09-03,9,A013,Year-end Settlement Account,Bank G,Agriculture Department,temporary_holding,inflow,10028,V000535,Simulated temporary holding for Agriculture Department,simulated_system,bank_statement,219627.5,0,1,1,0,0,70,0,2,Low,Second-level review recommended,high_risk_type
T000536,2025-09-03,9,A004,Off-budget Fund Account,Bank B,Emergency Management Department,non_tax_revenue_collection,inflow,162212,V000536,Simulated non tax revenue collection for Emergency Management Department,simulated_system,bank_statement,163417.0,0,0,1,0,0,70,0,0,Low,Routine monitoring,no_major_flag
T000516,2025-09-04,9,A002,Budget Execution Payment Account,Bank A,Social Security Department,project_fund_payment,outflow,535443,V000516,Simulated project fund payment for Social Security Department,simulated_system,bank_statement,748920.0,0,0,1,0,0,66,0,0,Low,Routine monitoring,no_major_flag
T000571,2025-09-04,9,A006,Social Security Transfer Account,Bank C,Culture and Tourism Department,refund,inflow,39493,V000571,Simulated refund for Culture and Tourism Department,simulated_system,bank_statement,70230.0,0,0,1,0,0,81,1,1,Low,Routine monitoring,high_activity_department
T000587,2025-09-04,9,A008,Health Project Fund Account,Bank D,Social Security Department,budget_execution_payment,outflow,57310,V000587,Simulated budget execution payment for Social Security Department,simulated_system,bank_statement,316246.60000000003,0,0,1,0,0,66,0,0,Low,Routine monitoring,no_major_flag
T000509,2025-09-05,9,A004,Off-budget Fund Account,Bank B,Emergency Management Department,project_fund_payment,outflow,796716,V000509,Simulated project fund payment for Emergency Management Department,simulated_system,bank_statement,748920.0,1,0,1,0,0,70,0,3,Medium,Review transaction amount and supporting documents,large_amount
T000538,2025-09-05,9,A013,Year-end Settlement Account,Bank G,Infrastructure Department,year_end_settlement,inflow,509498,V000538,Simulated year end settlement for Infrastructure Department,simulated_system,bank_statement,600508.3,0,1,1,0,0,64,0,2,Low,Second-level review recommended,high_risk_type
T000575,2025-09-05,9,A002,Budget Execution Payment Account,Bank A,Emergency Management Department,refund,inflow,19438,V000575,Simulated refund for Emergency Management Department,simulated_system,bank_statement,70230.0,0,0,1,0,0,70,0,0,Low,Routine monitoring,no_major_flag
T000533,2025-09-06,9,A011,Inter-fund Transfer Account,Bank F,Infrastructure Department,audit_adjustment,outflow,71434,V000533,Simulated audit adjustment for Infrastructure Department,simulated_system,bank_statement,100457.59999999999,0,1,1,0,0,64,0,2,Low,Second-level review recommended,high_risk_type
T000585,2025-09-06,9,A010,Temporary Holding Account,Bank E,Environmental Protection Department,non_tax_revenue_collection,inflow,179382,V000585,Simulated non tax revenue collection for Environmental Protection Department,simulated_system,bank_statement,163417.0,1,0,1,0,0,70,0,3,Medium,Review transaction amount and supporting documents,large_amount
T000589,2025-09-06,9,A003,Non-tax Revenue Collection Account,Bank B,Environmental Protection Department,refund,inflow,7062,V000589,Simulated refund for Environmental Protection Department,simulated_system,bank_statement,70230.0,0,0,1,0,0,70,0,0,Low,Routine monitoring,no_major_flag
T000501,2025-09-07,9,A008,Health Project Fund Account,Bank D,Social Security Department,project_fund_payment,outflow,658434,V000501,Simulated project fund payment for Social Security Department,simulated_system,bank_statement,748920.0,0,0,1,0,0,66,0,0,Low,Routine monitoring,no_major_flag
T000529,2025-09-07,9,A013,Year-end Settlement Account,Bank G,Emergency Management Department,budget_execution_payment,outflow,155958,V000529,Simulated budget execution payment for Emergency Management Department,simulated_system,bank_statement,316246.60000000003,0,0,1,0,0,70,0,0,Low,Routine monitoring,no_major_flag
T000548,2025-09-07,9,A006,Social Security Transfer Account,Bank C,Infrastructure Department,non_tax_revenue_collection,inflow,17879,V000548,Simulated non tax revenue collection for Infrastructure Department,simulated_system,bank_statement,163417.0,0,0,1,0,0,64,0,0,Low,Routine monitoring,no_major_flag
T000555,2025-09-07,9,A013,Year-end Settlement Account,Bank G,Finance Bureau Internal Unit,budget_execution_payment,outflow,192106,V000555,Simulated budget execution payment for Finance Bureau Internal Unit,simulated_system,bank_statement,316246.60000000003,0,0,1,0,0,77,1,1,Low,Routine monitoring,high_activity_department
T000588,2025-09-07,9,A013,Year-end Settlement Account,Bank G,Finance Bureau Internal Unit,inter_fund_transfer,outflow,501153,V000588,Simulated inter fund transfer for Finance Bureau Internal Unit,simulated_system,bank_statement,509918.00000000006,0,1,1,0,0,77,1,3,Medium,Second-level review recommended,high_risk_type; high_activity_department
T000522,2025-09-08,9,A013,Year-end Settlement Account,Bank G,Transport Department,project_fund_payment,outflow,234100,V000522,Simulated project fund payment for Transport Department,simulated_system,bank_statement,748920.0,0,0,1,0,0,74,1,1,Low,Routine monitoring,high_activity_department
T000532,2025-09-08,9,A011,Inter-fund Transfer Account,Bank F,Health Department,project_fund_payment,outflow,431382,V000532,Simulated project fund payment for Health Department,simulated_system,bank_statement,748920.0,0,0,1,0,0,63,0,0,Low,Routine monitoring,no_major_flag
T000561,2025-09-08,9,A002,Budget Execution Payment Account,Bank A,Culture and Tourism Department,temporary_holding,inflow,145453,V000561,Simulated temporary holding for Culture and Tourism Department,simulated_system,bank_statement,219627.5,0,1,1,0,0,81,1,3,Medium,Second-level review recommended,high_risk_type; high_activity_department
T000524,2025-09-09,9,A007,Education Fund Account,Bank D,Health Department,budget_execution_payment,outflow,135158,V000524,Simulated budget execution payment for Health Department,simulated_system,bank_statement,316246.60000000003,0,0,1,0,0,63,0,0,Low,Routine monitoring,no_major_flag
T000531,2025-09-09,9,A004,Off-budget Fund Account,Bank B,Environmental Protection Department,inter_fund_transfer,inflow,251322,V000531,Simulated inter fund transfer for Environmental Protection Department,simulated_system,bank_statement,509918.00000000006,0,1,1,0,0,70,0,2,Low,Second-level review recommended,high_risk_type
T000539,2025-09-09,9,A013,Year-end Settlement Account,Bank G,Community Services Department,budget_execution_payment,outflow,318983,V000539,Simulated budget execution payment for Community Services Department,simulated_system,bank_statement,316246.60000000003,1,0,1,0,0,57,0,3,Medium,Review transaction amount and supporting documents,large_amount
T000549,2025-09-09,9,A007,Education Fund Account,Bank D,Transport Department,off_budget_fund_transfer,outflow,268657,V000549,Simulated off budget fund transfer for Transport Department,simulated_system,bank_statement,446537.6000000001,0,1,1,0,0,74,1,3,Medium,Second-level review recommended,high_risk_type; high_activity_department
T000544,2025-09-10,9,A012,Audit Adjustment Account,Bank F,Environmental Protection Department,budget_execution_payment,outflow,179912,V000544,Simulated budget execution payment for Environmental Protection Department,simulated_system,bank_statement,316246.60000000003,0,0,1,0,0,70,0,0,Low,Routine monitoring,no_major_flag
T000564,2025-09-10,9,A012,Audit Adjustment Account,Bank F,Social Security Department,non_tax_revenue_collection,inflow,68079,V000564,Simulated non tax revenue collection for Social Security Department,simulated_system,bank_statement,163417.0,0,0,1,0,0,66,0,0,Low,Routine monitoring,no_major_flag
T000591,2025-09-10,9,A002,Budget Execution Payment Account,Bank A,Transport Department,project_fund_payment,outflow,691553,V000591,Simulated project fund payment for Transport Department,simulated_system,bank_statement,748920.0,0,0,1,0,0,74,1,1,Low,Routine monitoring,high_activity_department
T000506,2025-09-11,9,A010,Temporary Holding Account,Bank E,Environmental Protection Department,budget_execution_payment,outflow,189176,V000506,Simulated budget execution payment for Environmental Protection Department,simulated_system,bank_statement,316246.60000000003,0,0,1,0,0,70,0,0,Low,Routine monitoring,no_major_flag
T000513,2025-09-11,9,A006,Social Security Transfer Account,Bank C,Urban Management Department,inter_fund_transfer,outflow,70755,V000513,Simulated inter fund transfer for Urban Management Department,simulated_system,bank_statement,509918.00000000006,0,1,1,0,0,64,0,2,Low,Second-level review recommended,high_risk_type
T000527,2025-09-11,9,A001,Treasury Main Account,Bank A,Transport Department,inter_fund_transfer,inflow,367761,V000527,Simulated inter fund transfer for Transport Department,simulated_system,bank_statement,509918.00000000006,0,1,1,0,0,74,1,3,Medium,Second-level review recommended,high_risk_type; high_activity_department
T000530,2025-09-11,9,A004,Off-budget Fund Account,Bank B,Health Department,budget_execution_payment,outflow,238976,V000530,Simulated budget execution payment for Health Department,simulated_system,bank_statement,316246.60000000003,0,0,1,0,0,63,0,0,Low,Routine monitoring,no_major_flag
T000534,2025-09-11,9,A004,Off-budget Fund Account,Bank B,Finance Bureau Internal Unit,budget_execution_payment,outflow,65890,V000534,Simulated budget execution payment for Finance Bureau Internal Unit,simulated_system,bank_statement,316246.60000000003,0,0,1,0,0,77,1,1,Low,Routine monitoring,high_activity_department
T000552,2025-09-11,9,A001,Treasury Main Account,Bank A,Community Services Department,budget_execution_payment,outflow,72066,V000552,Simulated budget execution payment for Community Services Department,simulated_system,bank_statement,316246.60000000003,0,0,1,0,0,57,0,0,Low,Routine monitoring,no_major_flag
T000565,2025-09-11,9,A007,Education Fund Account,Bank D,Community Services Department,inter_fund_transfer,inflow,154917,V000565,Simulated inter fund transfer for Community Services Department,simulated_system,bank_statement,509918.00000000006,0,1,1,0,0,57,0,2,Low,Second-level review recommended,high_risk_type
T000568,2025-09-11,9,A008,Health Project Fund Account,Bank D,Infrastructure Department,refund,inflow,10998,V000568,Simulated refund for Infrastructure Department,simulated_system,bank_statement,70230.0,0,0,1,0,0,64,0,0,Low,Routine monitoring,no_major_flag
T000572,2025-09-11,9,A011,Inter-fund Transfer Account,Bank F,Culture and Tourism Department,project_fund_payment,outflow,797365,V000572,Simulated project fund payment for Culture and Tourism Department,simulated_system,bank_statement,748920.0,1,0,1,0,0,81,1,4,Medium,Review transaction amount and supporting documents,large_amount; high_activity_department
T000512,2025-09-12,9,A009,Infrastructure Payment Account,Bank E,Emergency Management Department,budget_execution_payment,outflow,66015,V000512,Simulated budget execution payment for Emergency Management Department,simulated_system,bank_statement,316246.60000000003,0,0,1,0,0,70,0,0,Low,Routine monitoring,no_major_flag
T000526,2025-09-12,9,A011,Inter-fund Transfer Account,Bank F,Education Department,project_fund_payment,outflow,568953,V000526,Simulated project fund payment for Education Department,simulated_system,bank_statement,748920.0,0,0,1,0,0,56,0,0,Low,Routine monitoring,no_major_flag
T000537,2025-09-12,9,A007,Education Fund Account,Bank D,Social Security Department,inter_fund_transfer,inflow,481823,V000537,Simulated inter fund transfer for Social Security Department,simulated_system,bank_statement,509918.00000000006,0,1,1,0,0,66,0,2,Low,Second-level review recommended,high_risk_type
T000559,2025-09-12,9,A001,Treasury Main Account,Bank A,Finance Bureau Internal Unit,budget_execution_payment,outflow,151627,V000559,Simulated budget execution payment for Finance Bureau Internal Unit,simulated_system,bank_statement,316246.60000000003,0,0,1,0,0,77,1,1,Low,Routine monitoring,high_activity_department
T000562,2025-09-12,9,A011,Inter-fund Transfer Account,Bank F,Finance Bureau Internal Unit,budget_execution_payment,outflow,202225,V000562,Simulated budget execution payment for Finance Bureau Internal Unit,simulated_system,bank_statement,316246.60000000003,0,0,1,0,0,77,1,1,Low,Routine monitoring,high_activity_department
T000546,2025-09-13,9,A008,Health Project Fund Account,Bank D,Health Department,temporary_holding,inflow,113863,V000546,Simulated temporary holding for Health Department,simulated_system,bank_statement,219627.5,0,1,1,0,0,63,0,2,Low,Second-level review recommended,high_risk_type
T000508,2025-09-14,9,A003,Non-tax Revenue Collection Account,Bank B,Urban Management Department,off_budget_fund_transfer,inflow,435662,V000508,Simulated off budget fund transfer for Urban Management Department,simulated_system,bank_statement,446537.6000000001,0,1,1,0,0,64,0,2,Low,Second-level review recommended,high_risk_type
T000558,2025-09-14,9,A013,Year-end Settlement Account,Bank G,Agriculture Department,year_end_settlement,inflow,334543,V000558,Simulated year end settlement for Agriculture Department,simulated_system,bank_statement,600508.3,0,1,1,0,0,70,0,2,Low,Second-level review recommended,high_risk_type
T000560,2025-09-14,9,A004,Off-budget Fund Account,Bank B,Health Department,budget_execution_payment,outflow,253169,V000560,Simulated budget execution payment for Health Department,simulated_system,bank_statement,316246.60000000003,0,0,1,0,0,63,0,0,Low,Routine monitoring,no_major_flag
T000570,2025-09-14,9,A007,Education Fund Account,Bank D,Environmental Protection Department,budget_execution_payment,outflow,141070,V000570,Simulated budget execution payment for Environmental Protection Department,simulated_system,bank_statement,316246.60000000003,0,0,1,0,0,70,0,0,Low,Routine monitoring,no_major_flag
T000500,2025-09-15,9,A009,Infrastructure Payment Account,Bank E,Urban Management Department,budget_execution_payment,outflow,197577,V000500,Simulated budget execution payment for Urban Management Department,simulated_system,bank_statement,316246.60000000003,0,0,1,0,0,64,0,0,Low,Routine monitoring,no_major_flag
T000543,2025-09-15,9,A013,Year-end Settlement Account,Bank G,Transport Department,audit_adjustment,outflow,22359,V000543,Simulated audit adjustment for Transport Department,simulated_system,bank_statement,100457.59999999999,0,1,1,0,0,74,1,3,Medium,Second-level review recommended,high_risk_type; high_activity_department
T000505,2025-09-16,9,A012,Audit Adjustment Account,Bank F,Urban Management Department,project_fund_payment,outflow,59472,V000505,Simulated project fund payment for Urban Management Department,simulated_system,bank_statement,748920.0,0,0,1,0,0,64,0,0,Low,Routine monitoring,no_major_flag
T000507,2025-09-16,9,A012,Audit Adjustment Account,Bank F,Finance Bureau Internal Unit,non_tax_revenue_collection,inflow,54756,V000507,Simulated non tax revenue collection for Finance Bureau Internal Unit,simulated_system,bank_statement,163417.0,0,0,1,0,0,77,1,1,Low,Routine monitoring,high_activity_department
T000573,2025-09-16,9,A009,Infrastructure Payment Account,Bank E,Emergency Management Department,budget_execution_payment,outflow,47197,V000573,Simulated budget execution payment for Emergency Management Department,simulated_system,bank_statement,316246.60000000003,0,0,1,0,0,70,0,0,Low,Routine monitoring,no_major_flag
T000504,2025-09-17,9,A001,Treasury Main Account,Bank A,Agriculture Department,non_tax_revenue_collection,inflow,97244,V000504,Simulated non tax revenue collection for Agriculture Department,simulated_system,bank_statement,163417.0,0,0,1,0,0,70,0,0,Low,Routine monitoring,no_major_flag
T000519,2025-09-17,9,A006,Social Security Transfer Account,Bank C,Emergency Management Department,budget_execution_payment,outflow,310180,V000519,Simulated budget execution payment for Emergency Management Department,simulated_system,bank_statement,316246.60000000003,0,0,1,0,0,70,0,0,Low,Routine monitoring,no_major_flag
T000545,2025-09-17,9,A012,Audit Adjustment Account,Bank F,Education Department,off_budget_fund_transfer,outflow,125310,V000545,Simulated off budget fund transfer for Education Department,simulated_system,bank_statement,446537.6000000001,0,1,1,0,0,56,0,2,Low,Second-level review recommended,high_risk_type
T000554,2025-09-18,9,A005,Special Fund Account,Bank C,Culture and Tourism Department,refund,inflow,79028,V000554,Simulated refund for Culture and Tourism Department,simulated_system,bank_statement,70230.0,1,0,1,0,0,81,1,4,Medium,Review transaction amount and supporting documents,large_amount; high_activity_department
T000567,2025-09-18,9,A007,Education Fund Account,Bank D,Culture and Tourism Department,year_end_settlement,outflow,160466,V000567,Simulated year end settlement for Culture and Tourism Department,simulated_system,bank_statement,600508.3,0,1,1,0,0,81,1,3,Medium,Second-level review recommended,high_risk_type; high_activity_department
T000583,2025-09-18,9,A013,Year-end Settlement Account,Bank G,Transport Department,audit_adjustment,outflow,103911,V000583,Simulated audit adjustment for Transport Department,simulated_system,bank_statement,100457.59999999999,1,1,1,0,0,74,1,6,High,Immediate review required,large_amount; high_risk_type; high_activity_department
T000503,2025-09-19,9,A006,Social Security Transfer Account,Bank C,Health Department,project_fund_payment,outflow,126478,V000503,Simulated project fund payment for Health Department,simulated_system,bank_statement,748920.0,0,0,1,0,0,63,0,0,Low,Routine monitoring,no_major_flag
T000541,2025-09-19,9,A002,Budget Execution Payment Account,Bank A,Infrastructure Department,project_fund_payment,outflow,267912,V000541,Simulated project fund payment for Infrastructure Department,simulated_system,bank_statement,748920.0,0,0,1,0,0,64,0,0,Low,Routine monitoring,no_major_flag
T000581,2025-09-19,9,A008,Health Project Fund Account,Bank D,Culture and Tourism Department,refund,inflow,70371,V000581,Simulated refund for Culture and Tourism Department,simulated_system,bank_statement,70230.0,1,0,1,0,0,81,1,4,Medium,Review transaction amount and supporting documents,large_amount; high_activity_department
T000590,2025-09-19,9,A007,Education Fund Account,Bank D,Social Security Department,off_budget_fund_transfer,inflow,394225,V000590,Simulated off budget fund transfer for Social Security Department,simulated_system,bank_statement,446537.6000000001,0,1,1,0,0,66,0,2,Low,Second-level review recommended,high_risk_type
T000551,2025-09-20,9,A012,Audit Adjustment Account,Bank F,Health Department,non_tax_revenue_collection,inflow,36007,V000551,Simulated non tax revenue collection for Health Department,simulated_system,bank_statement,163417.0,0,0,1,0,0,63,0,0,Low,Routine monitoring,no_major_flag
T000553,2025-09-20,9,A002,Budget Execution Payment Account,Bank A,Social Security Department,off_budget_fund_transfer,inflow,393649,V000553,Simulated off budget fund transfer for Social Security Department,simulated_system,bank_statement,446537.6000000001,0,1,1,0,0,66,0,2,Low,Second-level review recommended,high_risk_type
T000586,2025-09-20,9,A010,Temporary Holding Account,Bank E,Environmental Protection Department,budget_execution_payment,outflow,102212,V000586,Simulated budget execution payment for Environmental Protection Department,simulated_system,bank_statement,316246.60000000003,0,0,1,0,0,70,0,0,Low,Routine monitoring,no_major_flag
T000498,2025-09-21,9,A010,Temporary Holding Account,Bank E,Urban Management Department,temporary_holding,inflow,19589,V000498,Simulated temporary holding for Urban Management Department,simulated_system,bank_statement,219627.5,0,1,1,0,0,64,0,2,Low,Second-level review recommended,high_risk_type
T000580,2025-09-21,9,A012,Audit Adjustment Account,Bank F,Transport Department,budget_execution_payment,outflow,258411,V000580,Simulated budget execution payment for Transport Department,simulated_system,bank_statement,316246.60000000003,0,0,1,0,0,74,1,1,Low,Routine monitoring,high_activity_department
T000515,2025-09-22,9,A010,Temporary Holding Account,Bank E,Social Security Department,off_budget_fund_transfer,inflow,332877,V000515,Simulated off budget fund transfer for Social Security Department,simulated_system,bank_statement,446537.6000000001,0,1,1,0,0,66,0,2,Low,Second-level review recommended,high_risk_type
T000566,2025-09-22,9,A006,Social Security Transfer Account,Bank C,Transport Department,project_fund_payment,outflow,268980,V000566,Simulated project fund payment for Transport Department,simulated_system,bank_statement,748920.0,0,0,1,0,0,74,1,1,Low,Routine monitoring,high_activity_department
T000576,2025-09-22,9,A004,Off-budget Fund Account,Bank B,Environmental Protection Department,budget_execution_payment,outflow,68113,V000576,Simulated budget execution payment for Environmental Protection Department,simulated_system,bank_statement,316246.60000000003,0,0,1,0,0,70,0,0,Low,Routine monitoring,no_major_flag
T000579,2025-09-24,9,A012,Audit Adjustment Account,Bank F,Agriculture Department,budget_execution_payment,outflow,308997,V000579,Simulated budget execution payment for Agriculture Department,simulated_system,bank_statement,316246.60000000003,0,0,1,0,0,70,0,0,Low,Routine monitoring,no_major_flag
T000540,2025-09-25,9,A013,Year-end Settlement Account,Bank G,Health Department,off_budget_fund_transfer,inflow,498977,V000540,Simulated off budget fund transfer for Health Department,simulated_system,bank_statement,446537.6000000001,1,1,1,0,0,63,0,5,Medium,Review transaction amount and supporting documents,large_amount; high_risk_type
T000550,2025-09-25,9,A011,Inter-fund Transfer Account,Bank F,Emergency Management Department,project_fund_payment,outflow,65385,V000550,Simulated project fund payment for Emergency Management Department,simulated_system,bank_statement,748920.0,0,0,1,0,0,70,0,0,Low,Routine monitoring,no_major_flag
T000514,2025-09-26,9,A005,Special Fund Account,Bank C,Education Department,off_budget_fund_transfer,inflow,392544,V000514,Simulated off budget fund transfer for Education Department,simulated_system,bank_statement,446537.6000000001,0,1,1,0,0,56,0,2,Low,Second-level review recommended,high_risk_type
T000517,2025-09-26,9,A007,Education Fund Account,Bank D,Urban Management Department,budget_execution_payment,outflow,303445,V000517,Simulated budget execution payment for Urban Management Department,simulated_system,bank_statement,316246.60000000003,0,0,1,0,0,64,0,0,Low,Routine monitoring,no_major_flag
T000523,2025-09-26,9,A003,Non-tax Revenue Collection Account,Bank B,Finance Bureau Internal Unit,off_budget_fund_transfer,inflow,192434,V000523,Simulated off budget fund transfer for Finance Bureau Internal Unit,simulated_system,bank_statement,446537.6000000001,0,1,1,0,0,77,1,3,Medium,Second-level review recommended,high_risk_type; high_activity_department
T000563,2025-09-26,9,A002,Budget Execution Payment Account,Bank A,Finance Bureau Internal Unit,audit_adjustment,inflow,103802,V000563,Simulated audit adjustment for Finance Bureau Internal Unit,simulated_system,bank_statement,100457.59999999999,1,1,1,0,0,77,1,6,High,Immediate review required,large_amount; high_risk_type; high_activity_department
T000499,2025-09-27,9,A008,Health Project Fund Account,Bank D,Urban Management Department,project_fund_payment,outflow,282911,V000499,Simulated project fund payment for Urban Management Department,simulated_system,bank_statement,748920.0,0,0,1,0,0,64,0,0,Low,Routine monitoring,no_major_flag
T000502,2025-09-27,9,A012,Audit Adjustment Account,Bank F,Social Security Department,non_tax_revenue_collection,inflow,173001,V000502,Simulated non tax revenue collection for Social Security Department,simulated_system,bank_statement,163417.0,1,0,1,0,0,66,0,3,Medium,Review transaction amount and supporting documents,large_amount
T000528,2025-09-27,9,A007,Education Fund Account,Bank D,Environmental Protection Department,budget_execution_payment,outflow,338166,V000528,Simulated budget execution payment for Environmental Protection Department,simulated_system,bank_statement,316246.60000000003,1,0,1,0,0,70,0,3,Medium,Review transaction amount and supporting documents,large_amount
T000556,2025-09-28,9,A012,Audit Adjustment Account,Bank F,Environmental Protection Department,non_tax_revenue_collection,inflow,112779,V000556,Simulated non tax revenue collection for Environmental Protection Department,simulated_system,bank_statement,163417.0,0,0,1,0,0,70,0,0,Low,Routine monitoring,no_major_flag
T000574,2025-09-28,9,A003,Non-tax Revenue Collection Account,Bank B,Transport Department,project_fund_payment,outflow,386497,V000574,Simulated project fund payment for Transport Department,simulated_system,bank_statement,748920.0,0,0,1,0,0,74,1,1,Low,Routine monitoring,high_activity_department
T000578,2025-09-28,9,A011,Inter-fund Transfer Account,Bank F,Transport Department,budget_execution_payment,outflow,269643,V000578,Simulated budget execution payment for Transport Department,simulated_system,bank_statement,316246.60000000003,0,0,1,0,0,74,1,1,Low,Routine monitoring,high_activity_department
T000520,2025-09-29,9,A003,Non-tax Revenue Collection Account,Bank B,Health Department,budget_execution_payment,outflow,193084,V000520,Simulated budget execution payment for Health Department,simulated_system,bank_statement,316246.60000000003,0,0,1,0,0,63,0,0,Low,Routine monitoring,no_major_flag
T000569,2025-09-29,9,A010,Temporary Holding Account,Bank E,Finance Bureau Internal Unit,off_budget_fund_transfer,outflow,159999,V000569,Simulated off budget fund transfer for Finance Bureau Internal Unit,simulated_system,bank_statement,446537.6000000001,0,1,1,0,0,77,1,3,Medium,Second-level review recommended,high_risk_type; high_activity_department
T000521,2025-09-30,9,A005,Special Fund Account,Bank C,Emergency Management Department,audit_adjustment,outflow,97881,V000521,Simulated audit adjustment for Emergency Management Department,simulated_system,bank_statement,100457.59999999999,0,1,1,0,0,70,0,2,Low,Second-level review recommended,high_risk_type
T000525,2025-09-30,9,A001,Treasury Main Account,Bank A,Culture and Tourism Department,year_end_settlement,inflow,438548,V000525,Simulated year end settlement for Culture and Tourism Department,simulated_system,bank_statement,600508.3,0,1,1,0,0,81,1,3,Medium,Second-level review recommended,high_risk_type; high_activity_department
T000577,2025-09-30,9,A009,Infrastructure Payment Account,Bank E,Health Department,inter_fund_transfer,outflow,522394,V000577,Simulated inter fund transfer for Health Department,simulated_system,bank_statement,509918.00000000006,1,1,1,0,0,63,0,5,Medium,Review transaction amount and supporting documents,large_amount; high_risk_type
T000582,2025-09-30,9,A010,Temporary Holding Account,Bank E,Culture and Tourism Department,budget_execution_payment,outflow,104981,V000582,Simulated budget execution payment for Culture and Tourism Department,simulated_system,bank_statement,316246.60000000003,0,0,1,0,0,81,1,1,Low,Routine monitoring,high_activity_department
T000612,2025-10-01,10,A001,Treasury Main Account,Bank A,Culture and Tourism Department,budget_execution_payment,outflow,169457,V000612,Simulated budget execution payment for Culture and Tourism Department,simulated_system,bank_statement,316246.60000000003,0,0,1,0,0,81,1,1,Low,Routine monitoring,high_activity_department
T000613,2025-10-01,10,A006,Social Security Transfer Account,Bank C,Education Department,non_tax_revenue_collection,inflow,80603,V000613,Simulated non tax revenue collection for Education Department,simulated_system,bank_statement,163417.0,0,0,1,0,0,56,0,0,Low,Routine monitoring,no_major_flag
T000631,2025-10-01,10,A007,Education Fund Account,Bank D,Community Services Department,audit_adjustment,inflow,73302,V000631,Simulated audit adjustment for Community Services Department,simulated_system,bank_statement,100457.59999999999,0,1,1,0,0,57,0,2,Low,Second-level review recommended,high_risk_type
T000636,2025-10-01,10,A002,Budget Execution Payment Account,Bank A,Health Department,off_budget_fund_transfer,outflow,118207,V000636,Simulated off budget fund transfer for Health Department,simulated_system,bank_statement,446537.6000000001,0,1,1,0,0,63,0,2,Low,Second-level review recommended,high_risk_type
T000620,2025-10-02,10,A005,Special Fund Account,Bank C,Finance Bureau Internal Unit,non_tax_revenue_collection,inflow,111305,V000620,Simulated non tax revenue collection for Finance Bureau Internal Unit,simulated_system,bank_statement,163417.0,0,0,1,0,0,77,1,1,Low,Routine monitoring,high_activity_department
T000622,2025-10-03,10,A008,Health Project Fund Account,Bank D,Health Department,off_budget_fund_transfer,outflow,299992,V000622,Simulated off budget fund transfer for Health Department,simulated_system,bank_statement,446537.6000000001,0,1,1,0,0,63,0,2,Low,Second-level review recommended,high_risk_type
T000601,2025-10-06,10,A005,Special Fund Account,Bank C,Emergency Management Department,project_fund_payment,outflow,560790,V000601,Simulated project fund payment for Emergency Management Department,simulated_system,bank_statement,748920.0,0,0,1,0,0,70,0,0,Low,Routine monitoring,no_major_flag
T000619,2025-10-08,10,A012,Audit Adjustment Account,Bank F,Community Services Department,off_budget_fund_transfer,outflow,70088,V000619,Simulated off budget fund transfer for Community Services Department,simulated_system,bank_statement,446537.6000000001,0,1,1,0,0,57,0,2,Low,Second-level review recommended,high_risk_type
T000637,2025-10-08,10,A013,Year-end Settlement Account,Bank G,Transport Department,budget_execution_payment,outflow,266256,V000637,Simulated budget execution payment for Transport Department,simulated_system,bank_statement,316246.60000000003,0,0,1,0,0,74,1,1,Low,Routine monitoring,high_activity_department
T000621,2025-10-09,10,A011,Inter-fund Transfer Account,Bank F,Education Department,refund,inflow,24948,V000621,Simulated refund for Education Department,simulated_system,bank_statement,70230.0,0,0,1,0,0,56,0,0,Low,Routine monitoring,no_major_flag
T000618,2025-10-10,10,A006,Social Security Transfer Account,Bank C,Culture and Tourism Department,off_budget_fund_transfer,inflow,238542,V000618,Simulated off budget fund transfer for Culture and Tourism Department,simulated_system,bank_statement,446537.6000000001,0,1,1,0,0,81,1,3,Medium,Second-level review recommended,high_risk_type; high_activity_department
T000640,2025-10-10,10,A008,Health Project Fund Account,Bank D,Emergency Management Department,budget_execution_payment,outflow,183944,V000640,Simulated budget execution payment for Emergency Management Department,simulated_system,bank_statement,316246.60000000003,0,0,1,0,0,70,0,0,Low,Routine monitoring,no_major_flag
T000598,2025-10-11,10,A007,Education Fund Account,Bank D,Transport Department,year_end_settlement,inflow,312533,V000598,Simulated year end settlement for Transport Department,simulated_system,bank_statement,600508.3,0,1,1,0,0,74,1,3,Medium,Second-level review recommended,high_risk_type; high_activity_department
T000606,2025-10-12,10,A012,Audit Adjustment Account,Bank F,Emergency Management Department,off_budget_fund_transfer,inflow,79297,V000606,Simulated off budget fund transfer for Emergency Management Department,simulated_system,bank_statement,446537.6000000001,0,1,1,0,0,70,0,2,Low,Second-level review recommended,high_risk_type
T000623,2025-10-12,10,A010,Temporary Holding Account,Bank E,Agriculture Department,inter_fund_transfer,outflow,273890,V000623,Simulated inter fund transfer for Agriculture Department,simulated_system,bank_statement,509918.00000000006,0,1,1,0,0,70,0,2,Low,Second-level review recommended,high_risk_type
T000628,2025-10-12,10,A010,Temporary Holding Account,Bank E,Health Department,non_tax_revenue_collection,inflow,130882,V000628,Simulated non tax revenue collection for Health Department,simulated_system,bank_statement,163417.0,0,0,1,0,0,63,0,0,Low,Routine monitoring,no_major_flag
T000594,2025-10-15,10,A002,Budget Execution Payment Account,Bank A,Agriculture Department,project_fund_payment,outflow,57233,V000594,Simulated project fund payment for Agriculture Department,simulated_system,bank_statement,748920.0,0,0,1,0,0,70,0,0,Low,Routine monitoring,no_major_flag
T000609,2025-10-15,10,A007,Education Fund Account,Bank D,Infrastructure Department,year_end_settlement,outflow,460779,V000609,Simulated year end settlement for Infrastructure Department,simulated_system,bank_statement,600508.3,0,1,1,0,0,64,0,2,Low,Second-level review recommended,high_risk_type
T000617,2025-10-15,10,A011,Inter-fund Transfer Account,Bank F,Agriculture Department,non_tax_revenue_collection,inflow,130074,V000617,Simulated non tax revenue collection for Agriculture Department,simulated_system,bank_statement,163417.0,0,0,1,0,0,70,0,0,Low,Routine monitoring,no_major_flag
T000611,2025-10-16,10,A004,Off-budget Fund Account,Bank B,Urban Management Department,budget_execution_payment,outflow,62531,V000611,Simulated budget execution payment for Urban Management Department,simulated_system,bank_statement,316246.60000000003,0,0,1,0,0,64,0,0,Low,Routine monitoring,no_major_flag
T000625,2025-10-16,10,A002,Budget Execution Payment Account,Bank A,Emergency Management Department,non_tax_revenue_collection,inflow,54228,V000625,Simulated non tax revenue collection for Emergency Management Department,simulated_system,bank_statement,163417.0,0,0,1,0,0,70,0,0,Low,Routine monitoring,no_major_flag
T000630,2025-10-16,10,A013,Year-end Settlement Account,Bank G,Social Security Department,inter_fund_transfer,inflow,411413,V000630,Simulated inter fund transfer for Social Security Department,simulated_system,bank_statement,509918.00000000006,0,1,1,0,0,66,0,2,Low,Second-level review recommended,high_risk_type
T000607,2025-10-17,10,A002,Budget Execution Payment Account,Bank A,Emergency Management Department,temporary_holding,inflow,13196,V000607,Simulated temporary holding for Emergency Management Department,simulated_system,bank_statement,219627.5,0,1,1,0,0,70,0,2,Low,Second-level review recommended,high_risk_type
T000614,2025-10-17,10,A009,Infrastructure Payment Account,Bank E,Finance Bureau Internal Unit,off_budget_fund_transfer,inflow,69710,V000614,Simulated off budget fund transfer for Finance Bureau Internal Unit,simulated_system,bank_statement,446537.6000000001,0,1,1,0,0,77,1,3,Medium,Second-level review recommended,high_risk_type; high_activity_department
T000627,2025-10-17,10,A011,Inter-fund Transfer Account,Bank F,Community Services Department,budget_execution_payment,outflow,198625,V000627,Simulated budget execution payment for Community Services Department,simulated_system,bank_statement,316246.60000000003,0,0,1,0,0,57,0,0,Low,Routine monitoring,no_major_flag
T000639,2025-10-17,10,A004,Off-budget Fund Account,Bank B,Transport Department,off_budget_fund_transfer,outflow,216944,V000639,Simulated off budget fund transfer for Transport Department,simulated_system,bank_statement,446537.6000000001,0,1,1,0,0,74,1,3,Medium,Second-level review recommended,high_risk_type; high_activity_department
T000634,2025-10-19,10,A008,Health Project Fund Account,Bank D,Finance Bureau Internal Unit,non_tax_revenue_collection,inflow,33067,V000634,Simulated non tax revenue collection for Finance Bureau Internal Unit,simulated_system,bank_statement,163417.0,0,0,1,0,0,77,1,1,Low,Routine monitoring,high_activity_department
T000605,2025-10-20,10,A009,Infrastructure Payment Account,Bank E,Community Services Department,budget_execution_payment,outflow,53734,V000605,Simulated budget execution payment for Community Services Department,simulated_system,bank_statement,316246.60000000003,0,0,1,0,0,57,0,0,Low,Routine monitoring,no_major_flag
T000624,2025-10-20,10,A007,Education Fund Account,Bank D,Environmental Protection Department,budget_execution_payment,outflow,139498,V000624,Simulated budget execution payment for Environmental Protection Department,simulated_system,bank_statement,316246.60000000003,0,0,1,0,0,70,0,0,Low,Routine monitoring,no_major_flag
T000629,2025-10-20,10,A009,Infrastructure Payment Account,Bank E,Agriculture Department,refund,inflow,60328,V000629,Simulated refund for Agriculture Department,simulated_system,bank_statement,70230.0,0,0,1,0,0,70,0,0,Low,Routine monitoring,no_major_flag
T000633,2025-10-20,10,A006,Social Security Transfer Account,Bank C,Education Department,budget_execution_payment,outflow,93535,V000633,Simulated budget execution payment for Education Department,simulated_system,bank_statement,316246.60000000003,0,0,1,0,0,56,0,0,Low,Routine monitoring,no_major_flag
T000638,2025-10-20,10,A008,Health Project Fund Account,Bank D,Transport Department,non_tax_revenue_collection,inflow,137767,V000638,Simulated non tax revenue collection for Transport Department,simulated_system,bank_statement,163417.0,0,0,1,0,0,74,1,1,Low,Routine monitoring,high_activity_department
T000603,2025-10-22,10,A011,Inter-fund Transfer Account,Bank F,Emergency Management Department,inter_fund_transfer,outflow,137399,V000603,Simulated inter fund transfer for Emergency Management Department,simulated_system,bank_statement,509918.00000000006,0,1,1,0,0,70,0,2,Low,Second-level review recommended,high_risk_type
T000615,2025-10-22,10,A009,Infrastructure Payment Account,Bank E,Emergency Management Department,budget_execution_payment,outflow,321411,V000615,Simulated budget execution payment for Emergency Management Department,simulated_system,bank_statement,316246.60000000003,1,0,1,0,0,70,0,3,Medium,Review transaction amount and supporting documents,large_amount
T000644,2025-10-22,10,A013,Year-end Settlement Account,Bank G,Health Department,budget_execution_payment,outflow,63988,V000644,Simulated budget execution payment for Health Department,simulated_system,bank_statement,316246.60000000003,0,0,1,0,0,63,0,0,Low,Routine monitoring,no_major_flag
T000593,2025-10-23,10,A007,Education Fund Account,Bank D,Culture and Tourism Department,budget_execution_payment,outflow,348345,V000593,Simulated budget execution payment for Culture and Tourism Department,simulated_system,bank_statement,316246.60000000003,1,0,1,0,0,81,1,4,Medium,Review transaction amount and supporting documents,large_amount; high_activity_department
T000595,2025-10-24,10,A004,Off-budget Fund Account,Bank B,Infrastructure Department,non_tax_revenue_collection,inflow,133845,V000595,Simulated non tax revenue collection for Infrastructure Department,simulated_system,bank_statement,163417.0,0,0,1,0,0,64,0,0,Low,Routine monitoring,no_major_flag
T000597,2025-10-24,10,A012,Audit Adjustment Account,Bank F,Finance Bureau Internal Unit,budget_execution_payment,outflow,303496,V000597,Simulated budget execution payment for Finance Bureau Internal Unit,simulated_system,bank_statement,316246.60000000003,0,0,1,0,0,77,1,1,Low,Routine monitoring,high_activity_department
T000646,2025-10-24,10,A002,Budget Execution Payment Account,Bank A,Emergency Management Department,refund,inflow,74914,V000646,Simulated refund for Emergency Management Department,simulated_system,bank_statement,70230.0,1,0,1,0,0,70,0,3,Medium,Review transaction amount and supporting documents,large_amount
T000642,2025-10-26,10,A010,Temporary Holding Account,Bank E,Environmental Protection Department,refund,inflow,4801,V000642,Simulated refund for Environmental Protection Department,simulated_system,bank_statement,70230.0,0,0,1,0,0,70,0,0,Low,Routine monitoring,no_major_flag
T000645,2025-10-27,10,A007,Education Fund Account,Bank D,Urban Management Department,non_tax_revenue_collection,inflow,7015,V000645,Simulated non tax revenue collection for Urban Management Department,simulated_system,bank_statement,163417.0,0,0,1,0,0,64,0,0,Low,Routine monitoring,no_major_flag
T000596,2025-10-28,10,A002,Budget Execution Payment Account,Bank A,Agriculture Department,off_budget_fund_transfer,inflow,188058,V000596,Simulated off budget fund transfer for Agriculture Department,simulated_system,bank_statement,446537.6000000001,0,1,1,0,0,70,0,2,Low,Second-level review recommended,high_risk_type
T000600,2025-10-28,10,A011,Inter-fund Transfer Account,Bank F,Emergency Management Department,non_tax_revenue_collection,inflow,165371,V000600,Simulated non tax revenue collection for Emergency Management Department,simulated_system,bank_statement,163417.0,1,0,1,0,0,70,0,3,Medium,Review transaction amount and supporting documents,large_amount
T000610,2025-10-28,10,A011,Inter-fund Transfer Account,Bank F,Education Department,project_fund_payment,outflow,554840,V000610,Simulated project fund payment for Education Department,simulated_system,bank_statement,748920.0,0,0,1,0,0,56,0,0,Low,Routine monitoring,no_major_flag
T000592,2025-10-29,10,A008,Health Project Fund Account,Bank D,Social Security Department,project_fund_payment,outflow,635581,V000592,Simulated project fund payment for Social Security Department,simulated_system,bank_statement,748920.0,0,0,1,0,0,66,0,0,Low,Routine monitoring,no_major_flag
T000604,2025-10-29,10,A004,Off-budget Fund Account,Bank B,Community Services Department,non_tax_revenue_collection,inflow,113443,V000604,Simulated non tax revenue collection for Community Services Department,simulated_system,bank_statement,163417.0,0,0,1,0,0,57,0,0,Low,Routine monitoring,no_major_flag
T000608,2025-10-29,10,A013,Year-end Settlement Account,Bank G,Community Services Department,refund,inflow,68961,V000608,Simulated refund for Community Services Department,simulated_system,bank_statement,70230.0,0,0,1,0,0,57,0,0,Low,Routine monitoring,no_major_flag
T000641,2025-10-29,10,A008,Health Project Fund Account,Bank D,Environmental Protection Department,budget_execution_payment,outflow,249484,V000641,Simulated budget execution payment for Environmental Protection Department,simulated_system,bank_statement,316246.60000000003,0,0,1,0,0,70,0,0,Low,Routine monitoring,no_major_flag
T000616,2025-10-30,10,A001,Treasury Main Account,Bank A,Health Department,budget_execution_payment,outflow,318113,V000616,Simulated budget execution payment for Health Department,simulated_system,bank_statement,316246.60000000003,1,0,1,0,0,63,0,3,Medium,Review transaction amount and supporting documents,large_amount
T000626,2025-10-30,10,A004,Off-budget Fund Account,Bank B,Agriculture Department,temporary_holding,inflow,112153,V000626,Simulated temporary holding for Agriculture Department,simulated_system,bank_statement,219627.5,0,1,1,0,0,70,0,2,Low,Second-level review recommended,high_risk_type
T000632,2025-10-30,10,A002,Budget Execution Payment Account,Bank A,Social Security Department,budget_execution_payment,outflow,163435,V000632,Simulated budget execution payment for Social Security Department,simulated_system,bank_statement,316246.60000000003,0,0,1,0,0,66,0,0,Low,Routine monitoring,no_major_flag
T000635,2025-10-30,10,A013,Year-end Settlement Account,Bank G,Finance Bureau Internal Unit,off_budget_fund_transfer,inflow,167521,V000635,Simulated off budget fund transfer for Finance Bureau Internal Unit,simulated_system,bank_statement,446537.6000000001,0,1,1,0,0,77,1,3,Medium,Second-level review recommended,high_risk_type; high_activity_department
T000599,2025-10-31,10,A003,Non-tax Revenue Collection Account,Bank B,Culture and Tourism Department,budget_execution_payment,outflow,46751,V000599,Simulated budget execution payment for Culture and Tourism Department,simulated_system,bank_statement,316246.60000000003,0,0,1,0,0,81,1,1,Low,Routine monitoring,high_activity_department
T000602,2025-10-31,10,A006,Social Security Transfer Account,Bank C,Transport Department,non_tax_revenue_collection,inflow,135371,V000602,Simulated non tax revenue collection for Transport Department,simulated_system,bank_statement,163417.0,0,0,1,0,0,74,1,1,Low,Routine monitoring,high_activity_department
T000643,2025-10-31,10,A004,Off-budget Fund Account,Bank B,Social Security Department,budget_execution_payment,outflow,83295,V000643,Simulated budget execution payment for Social Security Department,simulated_system,bank_statement,316246.60000000003,0,0,1,0,0,66,0,0,Low,Routine monitoring,no_major_flag
T000651,2025-11-01,11,A009,Infrastructure Payment Account,Bank E,Culture and Tourism Department,non_tax_revenue_collection,inflow,146519,V000651,Simulated non tax revenue collection for Culture and Tourism Department,simulated_system,bank_statement,163417.0,0,0,1,0,0,81,1,1,Low,Routine monitoring,high_activity_department
T000655,2025-11-01,11,A003,Non-tax Revenue Collection Account,Bank B,Education Department,non_tax_revenue_collection,inflow,103560,V000655,Simulated non tax revenue collection for Education Department,simulated_system,bank_statement,163417.0,0,0,1,0,0,56,0,0,Low,Routine monitoring,no_major_flag
T000679,2025-11-01,11,A008,Health Project Fund Account,Bank D,Health Department,non_tax_revenue_collection,inflow,175456,V000679,Simulated non tax revenue collection for Health Department,simulated_system,bank_statement,163417.0,1,0,1,0,0,63,0,3,Medium,Review transaction amount and supporting documents,large_amount
T000663,2025-11-02,11,A012,Audit Adjustment Account,Bank F,Emergency Management Department,off_budget_fund_transfer,inflow,470698,V000663,Simulated off budget fund transfer for Emergency Management Department,simulated_system,bank_statement,446537.6000000001,1,1,1,0,0,70,0,5,Medium,Review transaction amount and supporting documents,large_amount; high_risk_type
T000698,2025-11-02,11,A006,Social Security Transfer Account,Bank C,Emergency Management Department,budget_execution_payment,outflow,283356,V000698,Simulated budget execution payment for Emergency Management Department,simulated_system,bank_statement,316246.60000000003,0,0,1,0,0,70,0,0,Low,Routine monitoring,no_major_flag
T000692,2025-11-03,11,A012,Audit Adjustment Account,Bank F,Culture and Tourism Department,off_budget_fund_transfer,outflow,37399,V000692,Simulated off budget fund transfer for Culture and Tourism Department,simulated_system,bank_statement,446537.6000000001,0,1,1,0,0,81,1,3,Medium,Second-level review recommended,high_risk_type; high_activity_department
T000676,2025-11-04,11,A009,Infrastructure Payment Account,Bank E,Culture and Tourism Department,budget_execution_payment,outflow,293280,V000676,Simulated budget execution payment for Culture and Tourism Department,simulated_system,bank_statement,316246.60000000003,0,0,1,0,0,81,1,1,Low,Routine monitoring,high_activity_department
T000654,2025-11-05,11,A010,Temporary Holding Account,Bank E,Community Services Department,non_tax_revenue_collection,inflow,116573,V000654,Simulated non tax revenue collection for Community Services Department,simulated_system,bank_statement,163417.0,0,0,1,0,0,57,0,0,Low,Routine monitoring,no_major_flag
T000666,2025-11-05,11,A004,Off-budget Fund Account,Bank B,Community Services Department,project_fund_payment,outflow,179789,V000666,Simulated project fund payment for Community Services Department,simulated_system,bank_statement,748920.0,0,0,1,0,0,57,0,0,Low,Routine monitoring,no_major_flag
T000703,2025-11-05,11,A005,Special Fund Account,Bank C,Finance Bureau Internal Unit,budget_execution_payment,outflow,42551,V000703,Simulated budget execution payment for Finance Bureau Internal Unit,simulated_system,bank_statement,316246.60000000003,0,0,1,0,0,77,1,1,Low,Routine monitoring,high_activity_department
T000656,2025-11-06,11,A002,Budget Execution Payment Account,Bank A,Finance Bureau Internal Unit,project_fund_payment,outflow,535375,V000656,Simulated project fund payment for Finance Bureau Internal Unit,simulated_system,bank_statement,748920.0,0,0,1,0,0,77,1,1,Low,Routine monitoring,high_activity_department
T000671,2025-11-06,11,A002,Budget Execution Payment Account,Bank A,Environmental Protection Department,off_budget_fund_transfer,inflow,250386,V000671,Simulated off budget fund transfer for Environmental Protection Department,simulated_system,bank_statement,446537.6000000001,0,1,1,0,0,70,0,2,Low,Second-level review recommended,high_risk_type
T000649,2025-11-07,11,A007,Education Fund Account,Bank D,Infrastructure Department,audit_adjustment,inflow,83806,V000649,Simulated audit adjustment for Infrastructure Department,simulated_system,bank_statement,100457.59999999999,0,1,1,0,0,64,0,2,Low,Second-level review recommended,high_risk_type
T000675,2025-11-07,11,A006,Social Security Transfer Account,Bank C,Education Department,budget_execution_payment,outflow,321364,V000675,Simulated budget execution payment for Education Department,simulated_system,bank_statement,316246.60000000003,1,0,1,0,0,56,0,3,Medium,Review transaction amount and supporting documents,large_amount
T000694,2025-11-07,11,A009,Infrastructure Payment Account,Bank E,Social Security Department,non_tax_revenue_collection,inflow,123211,V000694,Simulated non tax revenue collection for Social Security Department,simulated_system,bank_statement,163417.0,0,0,1,0,0,66,0,0,Low,Routine monitoring,no_major_flag
T000680,2025-11-08,11,A005,Special Fund Account,Bank C,Education Department,audit_adjustment,inflow,57035,V000680,Simulated audit adjustment for Education Department,simulated_system,bank_statement,100457.59999999999,0,1,1,0,0,56,0,2,Low,Second-level review recommended,high_risk_type
T000693,2025-11-09,11,A009,Infrastructure Payment Account,Bank E,Community Services Department,budget_execution_payment,outflow,75264,V000693,Simulated budget execution payment for Community Services Department,simulated_system,bank_statement,316246.60000000003,0,0,1,0,0,57,0,0,Low,Routine monitoring,no_major_flag
T000702,2025-11-10,11,A002,Budget Execution Payment Account,Bank A,Infrastructure Department,budget_execution_payment,outflow,253731,V000702,Simulated budget execution payment for Infrastructure Department,simulated_system,bank_statement,316246.60000000003,0,0,1,0,0,64,0,0,Low,Routine monitoring,no_major_flag
T000653,2025-11-11,11,A011,Inter-fund Transfer Account,Bank F,Emergency Management Department,audit_adjustment,inflow,97213,V000653,Simulated audit adjustment for Emergency Management Department,simulated_system,bank_statement,100457.59999999999,0,1,1,0,0,70,0,2,Low,Second-level review recommended,high_risk_type
T000677,2025-11-12,11,A012,Audit Adjustment Account,Bank F,Education Department,non_tax_revenue_collection,inflow,61361,V000677,Simulated non tax revenue collection for Education Department,simulated_system,bank_statement,163417.0,0,0,1,0,0,56,0,0,Low,Routine monitoring,no_major_flag
T000681,2025-11-12,11,A007,Education Fund Account,Bank D,Community Services Department,non_tax_revenue_collection,inflow,46340,V000681,Simulated non tax revenue collection for Community Services Department,simulated_system,bank_statement,163417.0,0,0,1,0,0,57,0,0,Low,Routine monitoring,no_major_flag
T000701,2025-11-12,11,A006,Social Security Transfer Account,Bank C,Transport Department,off_budget_fund_transfer,inflow,261704,V000701,Simulated off budget fund transfer for Transport Department,simulated_system,bank_statement,446537.6000000001,0,1,1,0,0,74,1,3,Medium,Second-level review recommended,high_risk_type; high_activity_department
T000674,2025-11-13,11,A011,Inter-fund Transfer Account,Bank F,Education Department,non_tax_revenue_collection,inflow,100852,V000674,Simulated non tax revenue collection for Education Department,simulated_system,bank_statement,163417.0,0,0,1,0,0,56,0,0,Low,Routine monitoring,no_major_flag
T000678,2025-11-13,11,A004,Off-budget Fund Account,Bank B,Health Department,budget_execution_payment,outflow,97256,V000678,Simulated budget execution payment for Health Department,simulated_system,bank_statement,316246.60000000003,0,0,1,0,0,63,0,0,Low,Routine monitoring,no_major_flag
T000691,2025-11-13,11,A004,Off-budget Fund Account,Bank B,Environmental Protection Department,temporary_holding,inflow,226351,V000691,Simulated temporary holding for Environmental Protection Department,simulated_system,bank_statement,219627.5,1,1,1,0,0,70,0,5,Medium,Review transaction amount and supporting documents,large_amount; high_risk_type
T000670,2025-11-14,11,A009,Infrastructure Payment Account,Bank E,Health Department,temporary_holding,inflow,106496,V000670,Simulated temporary holding for Health Department,simulated_system,bank_statement,219627.5,0,1,1,0,0,63,0,2,Low,Second-level review recommended,high_risk_type
T000672,2025-11-14,11,A013,Year-end Settlement Account,Bank G,Transport Department,non_tax_revenue_collection,inflow,110338,V000672,Simulated non tax revenue collection for Transport Department,simulated_system,bank_statement,163417.0,0,0,1,0,0,74,1,1,Low,Routine monitoring,high_activity_department
T000647,2025-11-15,11,A007,Education Fund Account,Bank D,Health Department,budget_execution_payment,outflow,247650,V000647,Simulated budget execution payment for Health Department,simulated_system,bank_statement,316246.60000000003,0,0,1,0,0,63,0,0,Low,Routine monitoring,no_major_flag
T000650,2025-11-15,11,A009,Infrastructure Payment Account,Bank E,Finance Bureau Internal Unit,budget_execution_payment,outflow,119290,V000650,Simulated budget execution payment for Finance Bureau Internal Unit,simulated_system,bank_statement,316246.60000000003,0,0,1,0,0,77,1,1,Low,Routine monitoring,high_activity_department
T000658,2025-11-15,11,A007,Education Fund Account,Bank D,Education Department,budget_execution_payment,outflow,348873,V000658,Simulated budget execution payment for Education Department,simulated_system,bank_statement,316246.60000000003,1,0,1,0,0,56,0,3,Medium,Review transaction amount and supporting documents,large_amount
T000652,2025-11-16,11,A004,Off-budget Fund Account,Bank B,Culture and Tourism Department,temporary_holding,inflow,25167,V000652,Simulated temporary holding for Culture and Tourism Department,simulated_system,bank_statement,219627.5,0,1,1,0,0,81,1,3,Medium,Second-level review recommended,high_risk_type; high_activity_department
T000661,2025-11-16,11,A010,Temporary Holding Account,Bank E,Infrastructure Department,off_budget_fund_transfer,outflow,457562,V000661,Simulated off budget fund transfer for Infrastructure Department,simulated_system,bank_statement,446537.6000000001,1,1,1,0,0,64,0,5,Medium,Review transaction amount and supporting documents,large_amount; high_risk_type
T000683,2025-11-16,11,A002,Budget Execution Payment Account,Bank A,Health Department,off_budget_fund_transfer,outflow,416055,V000683,Simulated off budget fund transfer for Health Department,simulated_system,bank_statement,446537.6000000001,0,1,1,0,0,63,0,2,Low,Second-level review recommended,high_risk_type
T000685,2025-11-16,11,A011,Inter-fund Transfer Account,Bank F,Agriculture Department,audit_adjustment,outflow,63694,V000685,Simulated audit adjustment for Agriculture Department,simulated_system,bank_statement,100457.59999999999,0,1,1,0,0,70,0,2,Low,Second-level review recommended,high_risk_type
T000699,2025-11-18,11,A003,Non-tax Revenue Collection Account,Bank B,Agriculture Department,budget_execution_payment,outflow,34780,V000699,Simulated budget execution payment for Agriculture Department,simulated_system,bank_statement,316246.60000000003,0,0,1,0,0,70,0,0,Low,Routine monitoring,no_major_flag
T000667,2025-11-19,11,A005,Special Fund Account,Bank C,Urban Management Department,budget_execution_payment,outflow,284724,V000667,Simulated budget execution payment for Urban Management Department,simulated_system,bank_statement,316246.60000000003,0,0,1,0,0,64,0,0,Low,Routine monitoring,no_major_flag
T000660,2025-11-20,11,A010,Temporary Holding Account,Bank E,Culture and Tourism Department,budget_execution_payment,outflow,309754,V000660,Simulated budget execution payment for Culture and Tourism Department,simulated_system,bank_statement,316246.60000000003,0,0,1,0,0,81,1,1,Low,Routine monitoring,high_activity_department
T000668,2025-11-21,11,A008,Health Project Fund Account,Bank D,Social Security Department,budget_execution_payment,outflow,280123,V000668,Simulated budget execution payment for Social Security Department,simulated_system,bank_statement,316246.60000000003,0,0,1,0,0,66,0,0,Low,Routine monitoring,no_major_flag
T000662,2025-11-22,11,A007,Education Fund Account,Bank D,Culture and Tourism Department,budget_execution_payment,outflow,208057,V000662,Simulated budget execution payment for Culture and Tourism Department,simulated_system,bank_statement,316246.60000000003,0,0,1,0,0,81,1,1,Low,Routine monitoring,high_activity_department
T000664,2025-11-22,11,A002,Budget Execution Payment Account,Bank A,Environmental Protection Department,budget_execution_payment,outflow,341516,V000664,Simulated budget execution payment for Environmental Protection Department,simulated_system,bank_statement,316246.60000000003,1,0,1,0,0,70,0,3,Medium,Review transaction amount and supporting documents,large_amount
T000648,2025-11-23,11,A004,Off-budget Fund Account,Bank B,Social Security Department,temporary_holding,inflow,90770,V000648,Simulated temporary holding for Social Security Department,simulated_system,bank_statement,219627.5,0,1,1,0,0,66,0,2,Low,Second-level review recommended,high_risk_type
T000690,2025-11-23,11,A002,Budget Execution Payment Account,Bank A,Environmental Protection Department,budget_execution_payment,outflow,155174,V000690,Simulated budget execution payment for Environmental Protection Department,simulated_system,bank_statement,316246.60000000003,0,0,1,0,0,70,0,0,Low,Routine monitoring,no_major_flag
T000695,2025-11-23,11,A001,Treasury Main Account,Bank A,Community Services Department,budget_execution_payment,outflow,149188,V000695,Simulated budget execution payment for Community Services Department,simulated_system,bank_statement,316246.60000000003,0,0,1,0,0,57,0,0,Low,Routine monitoring,no_major_flag
T000696,2025-11-23,11,A013,Year-end Settlement Account,Bank G,Infrastructure Department,non_tax_revenue_collection,inflow,73304,V000696,Simulated non tax revenue collection for Infrastructure Department,simulated_system,bank_statement,163417.0,0,0,1,0,0,64,0,0,Low,Routine monitoring,no_major_flag
T000689,2025-11-24,11,A006,Social Security Transfer Account,Bank C,Health Department,off_budget_fund_transfer,outflow,350991,V000689,Simulated off budget fund transfer for Health Department,simulated_system,bank_statement,446537.6000000001,0,1,1,0,0,63,0,2,Low,Second-level review recommended,high_risk_type
T000659,2025-11-25,11,A003,Non-tax Revenue Collection Account,Bank B,Transport Department,budget_execution_payment,outflow,148381,V000659,Simulated budget execution payment for Transport Department,simulated_system,bank_statement,316246.60000000003,0,0,1,0,0,74,1,1,Low,Routine monitoring,high_activity_department
T000673,2025-11-25,11,A009,Infrastructure Payment Account,Bank E,Education Department,non_tax_revenue_collection,inflow,118694,V000673,Simulated non tax revenue collection for Education Department,simulated_system,bank_statement,163417.0,0,0,1,0,0,56,0,0,Low,Routine monitoring,no_major_flag
T000669,2025-11-27,11,A011,Inter-fund Transfer Account,Bank F,Transport Department,budget_execution_payment,outflow,212990,V000669,Simulated budget execution payment for Transport Department,simulated_system,bank_statement,316246.60000000003,0,0,1,0,0,74,1,1,Low,Routine monitoring,high_activity_department
T000686,2025-11-27,11,A010,Temporary Holding Account,Bank E,Finance Bureau Internal Unit,budget_execution_payment,outflow,64772,V000686,Simulated budget execution payment for Finance Bureau Internal Unit,simulated_system,bank_statement,316246.60000000003,0,0,1,0,0,77,1,1,Low,Routine monitoring,high_activity_department
T000688,2025-11-27,11,A013,Year-end Settlement Account,Bank G,Agriculture Department,budget_execution_payment,outflow,272822,V000688,Simulated budget execution payment for Agriculture Department,simulated_system,bank_statement,316246.60000000003,0,0,1,0,0,70,0,0,Low,Routine monitoring,no_major_flag
T000697,2025-11-27,11,A007,Education Fund Account,Bank D,Infrastructure Department,project_fund_payment,outflow,423337,V000697,Simulated project fund payment for Infrastructure Department,simulated_system,bank_statement,748920.0,0,0,1,0,0,64,0,0,Low,Routine monitoring,no_major_flag
T000657,2025-11-28,11,A006,Social Security Transfer Account,Bank C,Social Security Department,temporary_holding,inflow,209824,V000657,Simulated temporary holding for Social Security Department,simulated_system,bank_statement,219627.5,0,1,1,0,0,66,0,2,Low,Second-level review recommended,high_risk_type
T000665,2025-11-29,11,A004,Off-budget Fund Account,Bank B,Transport Department,refund,inflow,50926,V000665,Simulated refund for Transport Department,simulated_system,bank_statement,70230.0,0,0,1,0,0,74,1,1,Low,Routine monitoring,high_activity_department
T000684,2025-11-29,11,A009,Infrastructure Payment Account,Bank E,Environmental Protection Department,budget_execution_payment,outflow,70613,V000684,Simulated budget execution payment for Environmental Protection Department,simulated_system,bank_statement,316246.60000000003,0,0,1,0,0,70,0,0,Low,Routine monitoring,no_major_flag
T000687,2025-11-29,11,A010,Temporary Holding Account,Bank E,Culture and Tourism Department,inter_fund_transfer,inflow,254417,V000687,Simulated inter fund transfer for Culture and Tourism Department,simulated_system,bank_statement,509918.00000000006,0,1,1,0,0,81,1,3,Medium,Second-level review recommended,high_risk_type; high_activity_department
T000700,2025-11-29,11,A006,Social Security Transfer Account,Bank C,Agriculture Department,non_tax_revenue_collection,inflow,38205,V000700,Simulated non tax revenue collection for Agriculture Department,simulated_system,bank_statement,163417.0,0,0,1,0,0,70,0,0,Low,Routine monitoring,no_major_flag
T000682,2025-11-30,11,A007,Education Fund Account,Bank D,Social Security Department,refund,inflow,78095,V000682,Simulated refund for Social Security Department,simulated_system,bank_statement,70230.0,1,0,1,0,0,66,0,3,Medium,Review transaction amount and supporting documents,large_amount
T000713,2025-12-01,12,A010,Temporary Holding Account,Bank E,Culture and Tourism Department,off_budget_fund_transfer,outflow,224405,V000713,Simulated off budget fund transfer for Culture and Tourism Department,simulated_system,bank_statement,446537.6000000001,0,1,1,0,1,81,1,4,Medium,Second-level review recommended,high_risk_type; year_end; high_activity_department
T000774,2025-12-01,12,A002,Budget Execution Payment Account,Bank A,Infrastructure Department,off_budget_fund_transfer,inflow,84645,V000774,Simulated off budget fund transfer for Infrastructure Department,simulated_system,bank_statement,446537.6000000001,0,1,1,0,1,64,0,3,Medium,Second-level review recommended,high_risk_type; year_end
T000811,2025-12-01,12,A007,Education Fund Account,Bank D,Community Services Department,budget_execution_payment,outflow,150016,V000811,Simulated budget execution payment for Community Services Department,simulated_system,bank_statement,316246.60000000003,0,0,1,0,1,57,0,1,Low,Check year-end classification and approval,year_end
T000758,2025-12-03,12,A010,Temporary Holding Account,Bank E,Urban Management Department,inter_fund_transfer,inflow,203208,V000758,Simulated inter fund transfer for Urban Management Department,simulated_system,bank_statement,509918.00000000006,0,1,1,0,1,64,0,3,Medium,Second-level review recommended,high_risk_type; year_end
T000761,2025-12-03,12,A007,Education Fund Account,Bank D,Environmental Protection Department,audit_adjustment,outflow,41761,V000761,Simulated audit adjustment for Environmental Protection Department,simulated_system,bank_statement,100457.59999999999,0,1,1,0,1,70,0,3,Medium,Second-level review recommended,high_risk_type; year_end
T000716,2025-12-04,12,A003,Non-tax Revenue Collection Account,Bank B,Infrastructure Department,project_fund_payment,outflow,166481,V000716,Simulated project fund payment for Infrastructure Department,simulated_system,bank_statement,748920.0,0,0,1,0,1,64,0,1,Low,Check year-end classification and approval,year_end
T000751,2025-12-04,12,A011,Inter-fund Transfer Account,Bank F,Environmental Protection Department,project_fund_payment,outflow,283982,V000751,Simulated project fund payment for Environmental Protection Department,simulated_system,bank_statement,748920.0,0,0,1,0,1,70,0,1,Low,Check year-end classification and approval,year_end
T000764,2025-12-04,12,A002,Budget Execution Payment Account,Bank A,Social Security Department,budget_execution_payment,outflow,302187,V000764,Simulated budget execution payment for Social Security Department,simulated_system,bank_statement,316246.60000000003,0,0,1,0,1,66,0,1,Low,Check year-end classification and approval,year_end
T000809,2025-12-04,12,A007,Education Fund Account,Bank D,Culture and Tourism Department,budget_execution_payment,outflow,246812,V000809,Simulated budget execution payment for Culture and Tourism Department,simulated_system,bank_statement,316246.60000000003,0,0,1,0,1,81,1,2,Low,Check year-end classification and approval,year_end; high_activity_department
T000706,2025-12-05,12,A013,Year-end Settlement Account,Bank G,Agriculture Department,budget_execution_payment,outflow,329122,V000706,Simulated budget execution payment for Agriculture Department,simulated_system,bank_statement,316246.60000000003,1,0,1,0,1,70,0,4,Medium,Review transaction amount and supporting documents,large_amount; year_end
T000743,2025-12-05,12,A010,Temporary Holding Account,Bank E,Urban Management Department,project_fund_payment,outflow,356468,V000743,Simulated project fund payment for Urban Management Department,simulated_system,bank_statement,748920.0,0,0,1,0,1,64,0,1,Low,Check year-end classification and approval,year_end
T000757,2025-12-05,12,A013,Year-end Settlement Account,Bank G,Urban Management Department,off_budget_fund_transfer,inflow,277174,V000757,Simulated off budget fund transfer for Urban Management Department,simulated_system,bank_statement,446537.6000000001,0,1,1,0,1,64,0,3,Medium,Second-level review recommended,high_risk_type; year_end
T000778,2025-12-05,12,A004,Off-budget Fund Account,Bank B,Social Security Department,non_tax_revenue_collection,inflow,176231,V000778,Simulated non tax revenue collection for Social Security Department,simulated_system,bank_statement,163417.0,1,0,1,0,1,66,0,4,Medium,Review transaction amount and supporting documents,large_amount; year_end
T000784,2025-12-05,12,A005,Special Fund Account,Bank C,Community Services Department,project_fund_payment,outflow,738235,V000784,Simulated project fund payment for Community Services Department,simulated_system,bank_statement,748920.0,0,0,1,0,1,57,0,1,Low,Check year-end classification and approval,year_end
T000790,2025-12-05,12,A010,Temporary Holding Account,Bank E,Finance Bureau Internal Unit,budget_execution_payment,outflow,274809,V000790,Simulated budget execution payment for Finance Bureau Internal Unit,simulated_system,bank_statement,316246.60000000003,0,0,1,0,1,77,1,2,Low,Check year-end classification and approval,year_end; high_activity_department
T000727,2025-12-07,12,A013,Year-end Settlement Account,Bank G,Education Department,budget_execution_payment,outflow,220122,V000727,Simulated budget execution payment for Education Department,simulated_system,bank_statement,316246.60000000003,0,0,1,0,1,56,0,1,Low,Check year-end classification and approval,year_end
T000732,2025-12-07,12,A010,Temporary Holding Account,Bank E,Finance Bureau Internal Unit,project_fund_payment,outflow,130522,V000732,Simulated project fund payment for Finance Bureau Internal Unit,simulated_system,bank_statement,748920.0,0,0,1,0,1,77,1,2,Low,Check year-end classification and approval,year_end; high_activity_department
T000744,2025-12-07,12,A005,Special Fund Account,Bank C,Finance Bureau Internal Unit,budget_execution_payment,outflow,331207,V000744,Simulated budget execution payment for Finance Bureau Internal Unit,simulated_system,bank_statement,316246.60000000003,1,0,1,0,1,77,1,5,Medium,Review transaction amount and supporting documents,large_amount; year_end; high_activity_department
T000746,2025-12-07,12,A011,Inter-fund Transfer Account,Bank F,Infrastructure Department,non_tax_revenue_collection,inflow,34960,V000746,Simulated non tax revenue collection for Infrastructure Department,simulated_system,bank_statement,163417.0,0,0,1,0,1,64,0,1,Low,Check year-end classification and approval,year_end
T000754,2025-12-07,12,A007,Education Fund Account,Bank D,Agriculture Department,off_budget_fund_transfer,outflow,288445,V000754,Simulated off budget fund transfer for Agriculture Department,simulated_system,bank_statement,446537.6000000001,0,1,1,0,1,70,0,3,Medium,Second-level review recommended,high_risk_type; year_end
T000765,2025-12-07,12,A010,Temporary Holding Account,Bank E,Education Department,non_tax_revenue_collection,inflow,67112,V000765,Simulated non tax revenue collection for Education Department,simulated_system,bank_statement,163417.0,0,0,1,0,1,56,0,1,Low,Check year-end classification and approval,year_end
T000781,2025-12-07,12,A001,Treasury Main Account,Bank A,Culture and Tourism Department,off_budget_fund_transfer,outflow,379762,V000781,Simulated off budget fund transfer for Culture and Tourism Department,simulated_system,bank_statement,446537.6000000001,0,1,1,0,1,81,1,4,Medium,Second-level review recommended,high_risk_type; year_end; high_activity_department
T000722,2025-12-08,12,A011,Inter-fund Transfer Account,Bank F,Health Department,project_fund_payment,outflow,150854,V000722,Simulated project fund payment for Health Department,simulated_system,bank_statement,748920.0,0,0,1,0,1,63,0,1,Low,Check year-end classification and approval,year_end
T000726,2025-12-08,12,A005,Special Fund Account,Bank C,Social Security Department,non_tax_revenue_collection,inflow,43725,V000726,Simulated non tax revenue collection for Social Security Department,simulated_system,bank_statement,163417.0,0,0,1,0,1,66,0,1,Low,Check year-end classification and approval,year_end
T000769,2025-12-08,12,A003,Non-tax Revenue Collection Account,Bank B,Culture and Tourism Department,temporary_holding,inflow,168442,V000769,Simulated temporary holding for Culture and Tourism Department,simulated_system,bank_statement,219627.5,0,1,1,0,1,81,1,4,Medium,Second-level review recommended,high_risk_type; year_end; high_activity_department
T000707,2025-12-09,12,A006,Social Security Transfer Account,Bank C,Culture and Tourism Department,audit_adjustment,inflow,32017,V000707,Simulated audit adjustment for Culture and Tourism Department,simulated_system,bank_statement,100457.59999999999,0,1,1,0,1,81,1,4,Medium,Second-level review recommended,high_risk_type; year_end; high_activity_department
T000760,2025-12-09,12,A001,Treasury Main Account,Bank A,Transport Department,refund,inflow,29180,V000760,Simulated refund for Transport Department,simulated_system,bank_statement,70230.0,0,0,1,0,1,74,1,2,Low,Check year-end classification and approval,year_end; high_activity_department
T000771,2025-12-09,12,A007,Education Fund Account,Bank D,Transport Department,off_budget_fund_transfer,inflow,273966,V000771,Simulated off budget fund transfer for Transport Department,simulated_system,bank_statement,446537.6000000001,0,1,1,0,1,74,1,4,Medium,Second-level review recommended,high_risk_type; year_end; high_activity_department
T000708,2025-12-10,12,A013,Year-end Settlement Account,Bank G,Environmental Protection Department,budget_execution_payment,outflow,65647,V000708,Simulated budget execution payment for Environmental Protection Department,simulated_system,bank_statement,316246.60000000003,0,0,1,0,1,70,0,1,Low,Check year-end classification and approval,year_end
T000728,2025-12-10,12,A012,Audit Adjustment Account,Bank F,Finance Bureau Internal Unit,inter_fund_transfer,inflow,487726,V000728,Simulated inter fund transfer for Finance Bureau Internal Unit,simulated_system,bank_statement,509918.00000000006,0,1,1,0,1,77,1,4,Medium,Second-level review recommended,high_risk_type; year_end; high_activity_department
T000796,2025-12-10,12,A006,Social Security Transfer Account,Bank C,Health Department,budget_execution_payment,outflow,53298,V000796,Simulated budget execution payment for Health Department,simulated_system,bank_statement,316246.60000000003,0,0,1,0,1,63,0,1,Low,Check year-end classification and approval,year_end
T000776,2025-12-11,12,A012,Audit Adjustment Account,Bank F,Transport Department,budget_execution_payment,outflow,187995,V000776,Simulated budget execution payment for Transport Department,simulated_system,bank_statement,316246.60000000003,0,0,1,0,1,74,1,2,Low,Check year-end classification and approval,year_end; high_activity_department
T000807,2025-12-11,12,A002,Budget Execution Payment Account,Bank A,Culture and Tourism Department,budget_execution_payment,outflow,132789,V000807,Simulated budget execution payment for Culture and Tourism Department,simulated_system,bank_statement,316246.60000000003,0,0,1,0,1,81,1,2,Low,Check year-end classification and approval,year_end; high_activity_department
T000748,2025-12-12,12,A003,Non-tax Revenue Collection Account,Bank B,Agriculture Department,budget_execution_payment,outflow,133920,V000748,Simulated budget execution payment for Agriculture Department,simulated_system,bank_statement,316246.60000000003,0,0,1,0,1,70,0,1,Low,Check year-end classification and approval,year_end
T000767,2025-12-12,12,A003,Non-tax Revenue Collection Account,Bank B,Culture and Tourism Department,off_budget_fund_transfer,outflow,257506,V000767,Simulated off budget fund transfer for Culture and Tourism Department,simulated_system,bank_statement,446537.6000000001,0,1,1,0,1,81,1,4,Medium,Second-level review recommended,high_risk_type; year_end; high_activity_department
T000779,2025-12-12,12,A007,Education Fund Account,Bank D,Transport Department,temporary_holding,inflow,159177,V000779,Simulated temporary holding for Transport Department,simulated_system,bank_statement,219627.5,0,1,1,0,1,74,1,4,Medium,Second-level review recommended,high_risk_type; year_end; high_activity_department
T000785,2025-12-12,12,A010,Temporary Holding Account,Bank E,Transport Department,inter_fund_transfer,outflow,197696,V000785,Simulated inter fund transfer for Transport Department,simulated_system,bank_statement,509918.00000000006,0,1,1,0,1,74,1,4,Medium,Second-level review recommended,high_risk_type; year_end; high_activity_department
T000800,2025-12-12,12,A005,Special Fund Account,Bank C,Culture and Tourism Department,budget_execution_payment,outflow,176215,V000800,Simulated budget execution payment for Culture and Tourism Department,simulated_system,bank_statement,316246.60000000003,0,0,1,0,1,81,1,2,Low,Check year-end classification and approval,year_end; high_activity_department
T000802,2025-12-12,12,A003,Non-tax Revenue Collection Account,Bank B,Education Department,budget_execution_payment,outflow,316508,V000802,Simulated budget execution payment for Education Department,simulated_system,bank_statement,316246.60000000003,1,0,1,0,1,56,0,4,Medium,Review transaction amount and supporting documents,large_amount; year_end
T000804,2025-12-12,12,A003,Non-tax Revenue Collection Account,Bank B,Social Security Department,non_tax_revenue_collection,inflow,69033,V000804,Simulated non tax revenue collection for Social Security Department,simulated_system,bank_statement,163417.0,0,0,1,0,1,66,0,1,Low,Check year-end classification and approval,year_end
T000729,2025-12-13,12,A010,Temporary Holding Account,Bank E,Social Security Department,inter_fund_transfer,inflow,562613,V000729,Simulated inter fund transfer for Social Security Department,simulated_system,bank_statement,509918.00000000006,1,1,1,0,1,66,0,6,High,Immediate review required,large_amount; high_risk_type; year_end
T000799,2025-12-13,12,A001,Treasury Main Account,Bank A,Emergency Management Department,audit_adjustment,inflow,35928,V000799,Simulated audit adjustment for Emergency Management Department,simulated_system,bank_statement,100457.59999999999,0,1,1,0,1,70,0,3,Medium,Second-level review recommended,high_risk_type; year_end
T000808,2025-12-13,12,A003,Non-tax Revenue Collection Account,Bank B,Community Services Department,project_fund_payment,outflow,284907,V000808,Simulated project fund payment for Community Services Department,simulated_system,bank_statement,748920.0,0,0,1,0,1,57,0,1,Low,Check year-end classification and approval,year_end
T000709,2025-12-14,12,A005,Special Fund Account,Bank C,Health Department,audit_adjustment,outflow,79798,V000709,Simulated audit adjustment for Health Department,simulated_system,bank_statement,100457.59999999999,0,1,1,0,1,63,0,3,Medium,Second-level review recommended,high_risk_type; year_end
T000730,2025-12-14,12,A012,Audit Adjustment Account,Bank F,Finance Bureau Internal Unit,budget_execution_payment,outflow,249707,V000730,Simulated budget execution payment for Finance Bureau Internal Unit,simulated_system,bank_statement,316246.60000000003,0,0,1,0,1,77,1,2,Low,Check year-end classification and approval,year_end; high_activity_department
T000731,2025-12-14,12,A009,Infrastructure Payment Account,Bank E,Agriculture Department,off_budget_fund_transfer,inflow,169728,V000731,Simulated off budget fund transfer for Agriculture Department,simulated_system,bank_statement,446537.6000000001,0,1,1,0,1,70,0,3,Medium,Second-level review recommended,high_risk_type; year_end
T000745,2025-12-14,12,A011,Inter-fund Transfer Account,Bank F,Community Services Department,budget_execution_payment,outflow,269465,V000745,Simulated budget execution payment for Community Services Department,simulated_system,bank_statement,316246.60000000003,0,0,1,0,1,57,0,1,Low,Check year-end classification and approval,year_end
T000710,2025-12-15,12,A005,Special Fund Account,Bank C,Community Services Department,inter_fund_transfer,inflow,391087,V000710,Simulated inter fund transfer for Community Services Department,simulated_system,bank_statement,509918.00000000006,0,1,1,0,1,57,0,3,Medium,Second-level review recommended,high_risk_type; year_end
T000724,2025-12-15,12,A004,Off-budget Fund Account,Bank B,Agriculture Department,temporary_holding,inflow,49767,V000724,Simulated temporary holding for Agriculture Department,simulated_system,bank_statement,219627.5,0,1,1,0,1,70,0,3,Medium,Second-level review recommended,high_risk_type; year_end
T000725,2025-12-15,12,A009,Infrastructure Payment Account,Bank E,Infrastructure Department,refund,inflow,30900,V000725,Simulated refund for Infrastructure Department,simulated_system,bank_statement,70230.0,0,0,1,0,1,64,0,1,Low,Check year-end classification and approval,year_end
T000740,2025-12-15,12,A003,Non-tax Revenue Collection Account,Bank B,Transport Department,off_budget_fund_transfer,outflow,86697,V000740,Simulated off budget fund transfer for Transport Department,simulated_system,bank_statement,446537.6000000001,0,1,1,0,1,74,1,4,Medium,Second-level review recommended,high_risk_type; year_end; high_activity_department
T000741,2025-12-15,12,A004,Off-budget Fund Account,Bank B,Agriculture Department,non_tax_revenue_collection,inflow,43138,V000741,Simulated non tax revenue collection for Agriculture Department,simulated_system,bank_statement,163417.0,0,0,1,0,1,70,0,1,Low,Check year-end classification and approval,year_end
T000762,2025-12-15,12,A005,Special Fund Account,Bank C,Infrastructure Department,non_tax_revenue_collection,inflow,173090,V000762,Simulated non tax revenue collection for Infrastructure Department,simulated_system,bank_statement,163417.0,1,0,1,0,1,64,0,4,Medium,Review transaction amount and supporting documents,large_amount; year_end
T000773,2025-12-15,12,A013,Year-end Settlement Account,Bank G,Infrastructure Department,temporary_holding,inflow,77396,V000773,Simulated temporary holding for Infrastructure Department,simulated_system,bank_statement,219627.5,0,1,1,0,1,64,0,3,Medium,Second-level review recommended,high_risk_type; year_end
T000777,2025-12-15,12,A011,Inter-fund Transfer Account,Bank F,Emergency Management Department,non_tax_revenue_collection,inflow,78973,V000777,Simulated non tax revenue collection for Emergency Management Department,simulated_system,bank_statement,163417.0,0,0,1,0,1,70,0,1,Low,Check year-end classification and approval,year_end
T000787,2025-12-15,12,A005,Special Fund Account,Bank C,Transport Department,budget_execution_payment,outflow,258292,V000787,Simulated budget execution payment for Transport Department,simulated_system,bank_statement,316246.60000000003,0,0,1,0,1,74,1,2,Low,Check year-end classification and approval,year_end; high_activity_department
T000810,2025-12-15,12,A003,Non-tax Revenue Collection Account,Bank B,Health Department,off_budget_fund_transfer,outflow,86440,V000810,Simulated off budget fund transfer for Health Department,simulated_system,bank_statement,446537.6000000001,0,1,1,0,1,63,0,3,Medium,Second-level review recommended,high_risk_type; year_end
T000712,2025-12-16,12,A006,Social Security Transfer Account,Bank C,Community Services Department,non_tax_revenue_collection,inflow,128182,V000712,Simulated non tax revenue collection for Community Services Department,simulated_system,bank_statement,163417.0,0,0,1,0,1,57,0,1,Low,Check year-end classification and approval,year_end
T000735,2025-12-16,12,A001,Treasury Main Account,Bank A,Community Services Department,budget_execution_payment,outflow,185229,V000735,Simulated budget execution payment for Community Services Department,simulated_system,bank_statement,316246.60000000003,0,0,1,0,1,57,0,1,Low,Check year-end classification and approval,year_end
T000750,2025-12-16,12,A003,Non-tax Revenue Collection Account,Bank B,Environmental Protection Department,budget_execution_payment,outflow,179156,V000750,Simulated budget execution payment for Environmental Protection Department,simulated_system,bank_statement,316246.60000000003,0,0,1,0,1,70,0,1,Low,Check year-end classification and approval,year_end
T000752,2025-12-16,12,A009,Infrastructure Payment Account,Bank E,Agriculture Department,off_budget_fund_transfer,outflow,272718,V000752,Simulated off budget fund transfer for Agriculture Department,simulated_system,bank_statement,446537.6000000001,0,1,1,0,1,70,0,3,Medium,Second-level review recommended,high_risk_type; year_end
T000756,2025-12-16,12,A008,Health Project Fund Account,Bank D,Community Services Department,refund,inflow,57048,V000756,Simulated refund for Community Services Department,simulated_system,bank_statement,70230.0,0,0,1,0,1,57,0,1,Low,Check year-end classification and approval,year_end
T000793,2025-12-16,12,A010,Temporary Holding Account,Bank E,Culture and Tourism Department,project_fund_payment,outflow,561174,V000793,Simulated project fund payment for Culture and Tourism Department,simulated_system,bank_statement,748920.0,0,0,1,0,1,81,1,2,Low,Check year-end classification and approval,year_end; high_activity_department
T000768,2025-12-17,12,A011,Inter-fund Transfer Account,Bank F,Community Services Department,year_end_settlement,inflow,560338,V000768,Simulated year end settlement for Community Services Department,simulated_system,bank_statement,600508.3,0,1,1,0,1,57,0,3,Medium,Second-level review recommended,high_risk_type; year_end
T000720,2025-12-18,12,A009,Infrastructure Payment Account,Bank E,Finance Bureau Internal Unit,budget_execution_payment,outflow,113697,V000720,Simulated budget execution payment for Finance Bureau Internal Unit,simulated_system,bank_statement,316246.60000000003,0,0,1,0,1,77,1,2,Low,Check year-end classification and approval,year_end; high_activity_department
T000738,2025-12-18,12,A003,Non-tax Revenue Collection Account,Bank B,Emergency Management Department,inter_fund_transfer,inflow,224580,V000738,Simulated inter fund transfer for Emergency Management Department,simulated_system,bank_statement,509918.00000000006,0,1,1,0,1,70,0,3,Medium,Second-level review recommended,high_risk_type; year_end
T000755,2025-12-18,12,A011,Inter-fund Transfer Account,Bank F,Environmental Protection Department,off_budget_fund_transfer,inflow,499234,V000755,Simulated off budget fund transfer for Environmental Protection Department,simulated_system,bank_statement,446537.6000000001,1,1,1,0,1,70,0,6,High,Immediate review required,large_amount; high_risk_type; year_end
T000782,2025-12-18,12,A011,Inter-fund Transfer Account,Bank F,Transport Department,project_fund_payment,outflow,83717,V000782,Simulated project fund payment for Transport Department,simulated_system,bank_statement,748920.0,0,0,1,0,1,74,1,2,Low,Check year-end classification and approval,year_end; high_activity_department
T000801,2025-12-18,12,A003,Non-tax Revenue Collection Account,Bank B,Infrastructure Department,temporary_holding,inflow,32099,V000801,Simulated temporary holding for Infrastructure Department,simulated_system,bank_statement,219627.5,0,1,1,0,1,64,0,3,Medium,Second-level review recommended,high_risk_type; year_end
T000718,2025-12-19,12,A001,Treasury Main Account,Bank A,Urban Management Department,budget_execution_payment,outflow,180477,V000718,Simulated budget execution payment for Urban Management Department,simulated_system,bank_statement,316246.60000000003,0,0,1,0,1,64,0,1,Low,Check year-end classification and approval,year_end
T000766,2025-12-19,12,A013,Year-end Settlement Account,Bank G,Health Department,audit_adjustment,inflow,42300,V000766,Simulated audit adjustment for Health Department,simulated_system,bank_statement,100457.59999999999,0,1,1,0,1,63,0,3,Medium,Second-level review recommended,high_risk_type; year_end
T000711,2025-12-20,12,A013,Year-end Settlement Account,Bank G,Infrastructure Department,year_end_settlement,inflow,699204,V000711,Simulated year end settlement for Infrastructure Department,simulated_system,bank_statement,600508.3,1,1,1,0,1,64,0,6,High,Immediate review required,large_amount; high_risk_type; year_end
T000714,2025-12-20,12,A010,Temporary Holding Account,Bank E,Social Security Department,temporary_holding,inflow,54512,V000714,Simulated temporary holding for Social Security Department,simulated_system,bank_statement,219627.5,0,1,1,0,1,66,0,3,Medium,Second-level review recommended,high_risk_type; year_end
T000705,2025-12-21,12,A006,Social Security Transfer Account,Bank C,Infrastructure Department,refund,inflow,2565,V000705,Simulated refund for Infrastructure Department,simulated_system,bank_statement,70230.0,0,0,1,0,1,64,0,1,Low,Check year-end classification and approval,year_end
T000753,2025-12-21,12,A011,Inter-fund Transfer Account,Bank F,Agriculture Department,inter_fund_transfer,inflow,290888,V000753,Simulated inter fund transfer for Agriculture Department,simulated_system,bank_statement,509918.00000000006,0,1,1,0,1,70,0,3,Medium,Second-level review recommended,high_risk_type; year_end
T000759,2025-12-21,12,A002,Budget Execution Payment Account,Bank A,Environmental Protection Department,budget_execution_payment,outflow,263722,V000759,Simulated budget execution payment for Environmental Protection Department,simulated_system,bank_statement,316246.60000000003,0,0,1,0,1,70,0,1,Low,Check year-end classification and approval,year_end
T000775,2025-12-21,12,A012,Audit Adjustment Account,Bank F,Education Department,inter_fund_transfer,inflow,565588,V000775,Simulated inter fund transfer for Education Department,simulated_system,bank_statement,509918.00000000006,1,1,1,0,1,56,0,6,High,Immediate review required,large_amount; high_risk_type; year_end
T000780,2025-12-21,12,A011,Inter-fund Transfer Account,Bank F,Social Security Department,non_tax_revenue_collection,inflow,128066,V000780,Simulated non tax revenue collection for Social Security Department,simulated_system,bank_statement,163417.0,0,0,1,0,1,66,0,1,Low,Check year-end classification and approval,year_end
T000715,2025-12-22,12,A011,Inter-fund Transfer Account,Bank F,Finance Bureau Internal Unit,off_budget_fund_transfer,inflow,93753,V000715,Simulated off budget fund transfer for Finance Bureau Internal Unit,simulated_system,bank_statement,446537.6000000001,0,1,1,0,1,77,1,4,Medium,Second-level review recommended,high_risk_type; year_end; high_activity_department
T000733,2025-12-22,12,A007,Education Fund Account,Bank D,Urban Management Department,year_end_settlement,inflow,305455,V000733,Simulated year end settlement for Urban Management Department,simulated_system,bank_statement,600508.3,0,1,1,0,1,64,0,3,Medium,Second-level review recommended,high_risk_type; year_end
T000788,2025-12-22,12,A011,Inter-fund Transfer Account,Bank F,Education Department,refund,inflow,47028,V000788,Simulated refund for Education Department,simulated_system,bank_statement,70230.0,0,0,1,0,1,56,0,1,Low,Check year-end classification and approval,year_end
T000789,2025-12-22,12,A008,Health Project Fund Account,Bank D,Urban Management Department,budget_execution_payment,outflow,230154,V000789,Simulated budget execution payment for Urban Management Department,simulated_system,bank_statement,316246.60000000003,0,0,1,0,1,64,0,1,Low,Check year-end classification and approval,year_end
T000806,2025-12-22,12,A003,Non-tax Revenue Collection Account,Bank B,Transport Department,project_fund_payment,outflow,675494,V000806,Simulated project fund payment for Transport Department,simulated_system,bank_statement,748920.0,0,0,1,0,1,74,1,2,Low,Check year-end classification and approval,year_end; high_activity_department
T000749,2025-12-23,12,A013,Year-end Settlement Account,Bank G,Infrastructure Department,project_fund_payment,outflow,784459,V000749,Simulated project fund payment for Infrastructure Department,simulated_system,bank_statement,748920.0,1,0,1,0,1,64,0,4,Medium,Review transaction amount and supporting documents,large_amount; year_end
T000770,2025-12-23,12,A009,Infrastructure Payment Account,Bank E,Finance Bureau Internal Unit,project_fund_payment,outflow,303978,V000770,Simulated project fund payment for Finance Bureau Internal Unit,simulated_system,bank_statement,748920.0,0,0,1,0,1,77,1,2,Low,Check year-end classification and approval,year_end; high_activity_department
T000794,2025-12-23,12,A006,Social Security Transfer Account,Bank C,Agriculture Department,year_end_settlement,inflow,385431,V000794,Simulated year end settlement for Agriculture Department,simulated_system,bank_statement,600508.3,0,1,1,0,1,70,0,3,Medium,Second-level review recommended,high_risk_type; year_end
T000795,2025-12-23,12,A009,Infrastructure Payment Account,Bank E,Urban Management Department,off_budget_fund_transfer,outflow,74134,V000795,Simulated off budget fund transfer for Urban Management Department,simulated_system,bank_statement,446537.6000000001,0,1,1,0,1,64,0,3,Medium,Second-level review recommended,high_risk_type; year_end
T000721,2025-12-24,12,A005,Special Fund Account,Bank C,Social Security Department,refund,inflow,55526,V000721,Simulated refund for Social Security Department,simulated_system,bank_statement,70230.0,0,0,1,0,1,66,0,1,Low,Check year-end classification and approval,year_end
T000786,2025-12-24,12,A006,Social Security Transfer Account,Bank C,Emergency Management Department,project_fund_payment,outflow,553447,V000786,Simulated project fund payment for Emergency Management Department,simulated_system,bank_statement,748920.0,0,0,1,0,1,70,0,1,Low,Check year-end classification and approval,year_end
T000704,2025-12-25,12,A010,Temporary Holding Account,Bank E,Environmental Protection Department,project_fund_payment,outflow,529456,V000704,Simulated project fund payment for Environmental Protection Department,simulated_system,bank_statement,748920.0,0,0,1,0,1,70,0,1,Low,Check year-end classification and approval,year_end
T000812,2025-12-25,12,A010,Temporary Holding Account,Bank E,Health Department,non_tax_revenue_collection,inflow,71266,V000812,Simulated non tax revenue collection for Health Department,simulated_system,bank_statement,163417.0,0,0,1,0,1,63,0,1,Low,Check year-end classification and approval,year_end
T000736,2025-12-26,12,A004,Off-budget Fund Account,Bank B,Environmental Protection Department,budget_execution_payment,outflow,322865,V000736,Simulated budget execution payment for Environmental Protection Department,simulated_system,bank_statement,316246.60000000003,1,0,1,0,1,70,0,4,Medium,Review transaction amount and supporting documents,large_amount; year_end
T000739,2025-12-26,12,A004,Off-budget Fund Account,Bank B,Education Department,budget_execution_payment,outflow,69892,V000739,Simulated budget execution payment for Education Department,simulated_system,bank_statement,316246.60000000003,0,0,1,0,1,56,0,1,Low,Check year-end classification and approval,year_end
T000747,2025-12-26,12,A012,Audit Adjustment Account,Bank F,Infrastructure Department,temporary_holding,inflow,49051,V000747,Simulated temporary holding for Infrastructure Department,simulated_system,bank_statement,219627.5,0,1,1,0,1,64,0,3,Medium,Second-level review recommended,high_risk_type; year_end
T000772,2025-12-28,12,A011,Inter-fund Transfer Account,Bank F,Emergency Management Department,non_tax_revenue_collection,inflow,89179,V000772,Simulated non tax revenue collection for Emergency Management Department,simulated_system,bank_statement,163417.0,0,0,1,0,1,70,0,1,Low,Check year-end classification and approval,year_end
T000783,2025-12-28,12,A008,Health Project Fund Account,Bank D,Emergency Management Department,temporary_holding,inflow,207626,V000783,Simulated temporary holding for Emergency Management Department,simulated_system,bank_statement,219627.5,0,1,1,0,1,70,0,3,Medium,Second-level review recommended,high_risk_type; year_end
T000797,2025-12-28,12,A007,Education Fund Account,Bank D,Finance Bureau Internal Unit,year_end_settlement,inflow,234222,V000797,Simulated year end settlement for Finance Bureau Internal Unit,simulated_system,bank_statement,600508.3,0,1,1,0,1,77,1,4,Medium,Second-level review recommended,high_risk_type; year_end; high_activity_department
T000717,2025-12-29,12,A005,Special Fund Account,Bank C,Environmental Protection Department,budget_execution_payment,outflow,164867,V000717,Simulated budget execution payment for Environmental Protection Department,simulated_system,bank_statement,316246.60000000003,0,0,1,0,1,70,0,1,Low,Check year-end classification and approval,year_end
T000719,2025-12-29,12,A004,Off-budget Fund Account,Bank B,Infrastructure Department,temporary_holding,inflow,63444,V000719,Simulated temporary holding for Infrastructure Department,simulated_system,bank_statement,219627.5,0,1,1,0,1,64,0,3,Medium,Second-level review recommended,high_risk_type; year_end
T000723,2025-12-29,12,A009,Infrastructure Payment Account,Bank E,Environmental Protection Department,budget_execution_payment,outflow,244083,V000723,Simulated budget execution payment for Environmental Protection Department,simulated_system,bank_statement,316246.60000000003,0,0,1,0,1,70,0,1,Low,Check year-end classification and approval,year_end
T000737,2025-12-29,12,A002,Budget Execution Payment Account,Bank A,Urban Management Department,budget_execution_payment,outflow,107122,V000737,Simulated budget execution payment for Urban Management Department,simulated_system,bank_statement,316246.60000000003,0,0,1,0,1,64,0,1,Low,Check year-end classification and approval,year_end
T000763,2025-12-29,12,A012,Audit Adjustment Account,Bank F,Agriculture Department,project_fund_payment,outflow,765054,V000763,Simulated project fund payment for Agriculture Department,simulated_system,bank_statement,748920.0,1,0,1,0,1,70,0,4,Medium,Review transaction amount and supporting documents,large_amount; year_end
T000792,2025-12-29,12,A012,Audit Adjustment Account,Bank F,Infrastructure Department,budget_execution_payment,outflow,268924,V000792,Simulated budget execution payment for Infrastructure Department,simulated_system,bank_statement,316246.60000000003,0,0,1,0,1,64,0,1,Low,Check year-end classification and approval,year_end
T000798,2025-12-29,12,A013,Year-end Settlement Account,Bank G,Culture and Tourism Department,budget_execution_payment,outflow,94779,V000798,Simulated budget execution payment for Culture and Tourism Department,simulated_system,bank_statement,316246.60000000003,0,0,1,0,1,81,1,2,Low,Check year-end classification and approval,year_end; high_activity_department
T000742,2025-12-30,12,A010,Temporary Holding Account,Bank E,Urban Management Department,project_fund_payment,outflow,486282,V000742,Simulated project fund payment for Urban Management Department,simulated_system,bank_statement,748920.0,0,0,1,0,1,64,0,1,Low,Check year-end classification and approval,year_end
T000803,2025-12-30,12,A010,Temporary Holding Account,Bank E,Transport Department,project_fund_payment,outflow,791142,V000803,Simulated project fund payment for Transport Department,simulated_system,bank_statement,748920.0,1,0,1,0,1,74,1,5,Medium,Review transaction amount and supporting documents,large_amount; year_end; high_activity_department
T000805,2025-12-30,12,A004,Off-budget Fund Account,Bank B,Culture and Tourism Department,project_fund_payment,outflow,610591,V000805,Simulated project fund payment for Culture and Tourism Department,simulated_system,bank_statement,748920.0,0,0,1,0,1,81,1,2,Low,Check year-end classification and approval,year_end; high_activity_department
T000734,2025-12-31,12,A012,Audit Adjustment Account,Bank F,Finance Bureau Internal Unit,non_tax_revenue_collection,inflow,34882,V000734,Simulated non tax revenue collection for Finance Bureau Internal Unit,simulated_system,bank_statement,163417.0,0,0,1,0,1,77,1,2,Low,Check year-end classification and approval,year_end; high_activity_department
T000791,2025-12-31,12,A001,Treasury Main Account,Bank A,Urban Management Department,budget_execution_payment,outflow,278466,V000791,Simulated budget execution payment for Urban Management Department,simulated_system,bank_statement,316246.60000000003,0,0,1,0,1,64,0,1,Low,Check year-end classification and approval,year_end
